1	3015453878
2	3190128077
2	1959842387
3	2675761723
3	3506303800
3	2893221821
4	2257357006
4	141143282
4	1011882765
5	1934278479
5	1783772887
5	185536007
6	4188096494
6	3488467244
6	3224547732
7	964424922
7	1761369878
7	2815814587
8	4083875232
8	2802747604
8	3457073872
9	196012366
9	2613568607
9	1984014083
10	2925485408
10	2709697065
10	738378254
11	3707030721
11	614776915
11	2672102822
12	1143800946
12	3885030297
12	258966948
13	2830978475
13	4049511510
13	2517333095
14	695007767
14	1770886466
14	3277007471
15	1408331280
15	3743104550
15	3679035344
16	2480491952
16	4183236690
16	818934190
17	308821879
17	3945772074
17	4044496632
18	3135027181
18	834656731
18	3311524925
19	1259764313
19	2523351832
19	89135779
20	4099208545
20	2283308939
20	1147374336
21	2816652433
21	1506623029
21	2208172125
22	4294216079
22	657961012
22	272458366
23	1673119476
23	2995097631
23	2097880851
24	1959010443
24	181928468
24	3131773536
25	2491157787
25	3069467515
25	1698698385
26	1448701961
26	2766352863
26	3430118548
27	1874394559
27	2462340980
27	2747777741
28	3747081942
28	278219394
28	3330349353
29	2402227088
29	750414559
29	460132745
30	2520555825
30	1495172558
30	1589033633
31	2435588434
31	4237469418
31	1643278567
32	3979904618
32	1732726791
32	2724899231
33	4169987432
33	3996759200
33	2773665213
34	4270745530
34	2138515812
34	3567089405
35	446889664
35	2749480876
35	325058396
36	2340548045
36	922264642
36	1419909394
37	1164860341
37	199313248
37	78952090
38	1391691355
38	4041915220
38	3462268004
39	2353153324
39	4268289552
39	3614453739
40	2151039580
40	3715349977
40	339985131
41	967274307
41	1506545430
41	387152647
42	2402539083
42	2122135589
42	793914948
43	1183926099
43	1787001528
43	2506820423
44	753186957
44	1965275471
44	3099824595
45	638982304
45	1330451215
45	2012389848
46	3751036390
46	647744231
46	118170995
47	1394871646
47	2762904449
47	3994918127
48	1018925935
48	4281621870
48	3223674498
49	3685513674
49	1516768118
49	2921748565
50	1664082419
50	2217646971
50	4140353052
51	3187590367
51	3851273045
51	3538691182
52	2307060035
52	1967315489
52	1913658802
53	1242417448
53	551050567
53	1891264652
54	2902434358
54	8705958
54	377172824
55	1183222471
55	3753480713
55	2691861241
56	3742284121
56	3400972631
56	2827726624
57	1047382897
57	4212399448
57	3435053851
58	1821652966
58	1539538693
58	1712897193
59	844235415
59	1261801458
59	1201350746
60	1231247683
60	837952713
60	2295803570
61	92329851
61	2671168837
61	2744415366
62	4188422269
62	2822477737
62	2635043169
63	3741771791
63	3943697455
63	2717417307
64	3154083957
64	2556426915
64	536787390
65	1806933299
65	3000358346
65	1615661239
66	609518395
66	3177156566
66	2922450304
67	1931791690
67	43308421
67	2934113427
68	2474140007
68	367933395
68	2697580708
69	1761474230
69	1174297202
69	1704353947
70	3930086453
70	1569142165
70	4233547504
71	3093700135
71	1890006645
71	424857226
72	3589658183
72	3541876480
72	3743102989
73	168185537
73	3194054940
73	1175899154
74	2745500248
74	975036853
74	3415281081
75	3421449815
75	3290124959
75	1573454020
76	1808244072
76	1530807287
76	1443054756
77	803431214
77	916116303
77	2826219785
78	4027896603
78	4022889656
78	3757067314
79	1577649673
79	3713577478
79	4232586420
80	1255033638
80	3699064393
80	2959255067
81	337057412
81	1683513178
81	3448458447
82	1158015082
82	1092395367
82	2545664335
83	4169933842
83	3527798083
83	271308188
84	2001919481
84	1741741490
84	2623827843
85	133022649
85	2423775716
85	102976953
86	1013900815
86	1057249794
86	1854231498
87	1764595146
87	1219805113
87	1507479696
88	3488310856
88	2910443902
88	1000809928
89	3746208334
89	816595279
89	4146692753
90	156290916
90	3889451539
90	1723539440
91	836242205
91	1169025592
91	3457776614
92	652977115
92	4129731485
92	3278215612
93	4065193570
93	3121346915
93	1779092260
94	785526237
94	719871432
94	2494447607
95	1485673329
95	1528388740
95	2232930534
96	1060712481
96	1507217190
96	382803225
97	247796281
97	3525736025
97	3753763752
98	869419351
98	2797448080
98	1658738121
99	780988082
99	1767039384
99	3993083336
100	1836781497
100	2118376123
100	4097721958
101	1020678254
101	977058384
101	3315310410
102	2669555530
102	529911924
102	648331850
103	1795315229
103	286306682
103	1537879580
104	4221896335
104	4149476643
104	673759258
105	804848752
105	1927052541
105	1141590774
106	2312818352
106	2861933388
106	1800228528
107	876704099
107	1091840582
107	965139914
108	3854818206
108	2088903772
108	1340716205
109	3470971423
109	1330570466
109	4148196919
110	2989771029
110	3854851181
110	3730665498
111	234759083
111	1911852458
111	3370090220
112	1722928284
112	2626867962
112	3250957145
113	2654236586
113	188749653
113	1288878579
114	2238287959
114	4187593578
114	2419412022
115	2177081832
115	3145170590
115	613654554
116	373050208
116	1589925302
116	3739369359
117	1169448716
117	4158438221
117	3879282991
118	4062400925
118	2490821646
118	1379171842
119	2585123577
119	3683347253
119	749779746
120	2135370859
120	3509315171
120	2444946135
121	2382582346
121	2635033612
121	1795521731
122	733015794
122	1042318640
122	1303213420
123	374363290
123	4244627183
123	1806584963
124	3104367477
124	2160326891
124	4009471631
125	998507731
125	1607203894
125	3416195429
126	1950432293
126	3057230091
126	3366766389
127	4137397379
127	2388819056
127	3747726579
128	759177676
128	3984520902
128	769646692
129	980830230
129	1572970296
129	3509101923
130	1921313165
130	731601251
130	3487756385
131	3834968473
131	4056558454
131	3602192042
132	4105089094
132	294287069
132	3101766777
133	3507340203
133	4112533034
133	2979133687
134	2423368093
134	269021756
134	2798690041
135	3259482697
135	3988466262
135	948917191
136	9600346
136	3220402093
136	516481151
137	2940124620
137	3636304620
137	1416167810
138	382431070
138	3855919907
138	2644813549
139	3735264372
139	2470956438
139	2070717580
140	726739343
140	3084811351
140	3248957247
141	3315988470
141	456211245
141	2758553461
142	987994744
142	1590579009
142	2798302480
143	1604841111
143	584812565
143	2242236116
144	2720258768
144	2635926889
144	1840006544
145	3793116765
145	4011413629
145	2164231883
146	3014995126
146	1054036446
146	1567201452
147	1286193704
147	1269613667
147	496398212
148	605122302
148	2410291097
148	4134884373
149	485781285
149	522829756
149	3613186667
150	766485106
150	2583842062
150	1319672825
151	1430379910
151	2363453516
151	21042951
152	548828808
152	2771761088
152	3198955033
153	779213410
153	174468241
153	360244881
154	902907258
154	659485376
154	1865544246
155	2081710956
155	816233972
155	4244674757
156	1881631032
156	319026812
156	840487864
157	1399167894
157	312766598
157	977301624
158	384962597
158	1269035113
158	4266179340
159	2995408097
159	2932860137
159	486062775
160	733078439
160	3177978393
160	84692067
161	1946109550
161	3640433208
161	3044629436
162	3180787964
162	2910384337
162	4268142291
163	1397593332
163	2674282659
163	4098867497
164	674738495
164	4014971654
164	3699400595
165	2542697591
165	4123565690
165	1624619474
166	933832076
166	1913562865
166	1087242189
167	1230301723
167	1576557073
167	1457032634
168	1480198895
168	3960761332
168	3996173634
169	4278953459
169	1286967676
169	1181850430
170	586718474
170	3780904393
170	995984615
171	998734998
171	1697200237
171	1835594761
172	547053866
172	1673767128
172	1219464619
173	1164922715
173	864874701
173	4284687960
174	1989385634
174	2427276637
174	2036971395
175	1598331350
175	2823603416
175	510265161
176	856411580
176	2237189108
176	3793357531
177	3585185606
177	1667053236
177	24232327
178	1789142679
178	1594940959
178	3033426838
179	3219067241
179	1058458582
179	4175410486
180	4264678007
180	2412315284
180	993377213
181	3825781417
181	1240075878
181	1024476265
182	532080456
182	226376733
182	2012034237
183	1496487068
183	4054180114
183	314735613
184	1757312276
184	1114539079
184	1540110905
185	593159468
185	4090075399
185	3858381599
186	1381216690
186	1350863785
186	1301228568
187	1477341153
187	2135008736
187	3462688698
188	2919734530
188	4097832158
188	3112578557
189	4023484459
189	2662285524
189	2313719637
190	2587806861
190	1726062263
190	1506015778
191	2258922562
191	731294515
191	270985322
192	2402427787
192	2653157709
192	184421644
193	1427141232
193	3043852687
193	1039664186
194	1683426959
194	556684720
194	2884279260
195	1598054737
195	2091663468
195	405441709
196	269570143
196	1993529413
196	3217143980
197	1399243836
197	3733018048
197	602536224
198	770886842
198	4195438168
198	2661565637
199	758678420
199	940511625
199	2008426112
200	2821685397
200	953749584
200	2195440589
201	3250810556
201	1713032248
201	3613419975
202	904011648
202	2506381919
202	576259891
203	390450454
203	3759254006
203	530775268
204	228107905
204	773234002
204	3884099735
205	91054062
205	3108262155
205	774398268
206	1008971277
206	186501787
206	1820750095
207	1368786527
207	3082909511
207	1633490026
208	3237710956
208	1903732102
208	23064718
209	2149083403
209	1301894221
209	1351086948
210	3099113702
210	2317463199
210	2239661111
211	1968962449
211	34706045
211	2358588404
212	3663675013
212	1215352
212	3852735919
213	1157725851
213	3309259817
213	1519828700
214	2355572588
214	2708220406
214	914666953
215	1336674766
215	3419978335
215	3078089429
216	165483101
216	4245229652
216	2574366074
217	4153881459
217	3300058013
217	197297335
218	1759282433
218	1375966536
218	1377930359
219	2483092347
219	2219480618
219	1496252458
220	2575802863
220	687501284
220	3379500517
221	4181261334
221	547376223
221	3663546918
222	4274726183
222	2634139062
222	4086237996
223	1576810300
223	2045226124
223	2594002694
224	3056750461
224	3019335989
224	1310931973
225	764227384
225	3564171086
225	41952346
226	3460560437
226	1152496752
226	689724447
227	1914651165
227	370683291
227	571487649
228	1593645250
228	2153966484
228	1533693662
229	3350417832
229	3053216968
229	2724420186
230	1017848902
230	1968369006
230	423779910
231	2692439576
231	2263086314
231	2553647110
232	1913469948
232	3072796376
232	1180836489
233	2088260134
233	3242313340
233	3458055521
234	37608839
234	293661454
234	2679418091
235	3689364642
235	3044192399
235	3730557441
236	96202889
236	3700937964
236	2352668491
237	190544190
237	3591228845
237	2738081101
238	4228632729
238	3227274324
238	2456629902
239	2335606728
239	3464954234
239	18039007
240	3751993679
240	2882026529
240	3800702866
241	4004741451
241	1980805185
241	2642149167
242	3442565101
242	488256185
242	372651392
243	3387638511
243	3392099001
243	318286186
244	1365188073
244	463743702
244	631059492
245	2729244180
245	32301274
245	1014222131
246	399159851
246	734290424
246	2978571682
247	964365648
247	99148927
247	1172586877
248	779100415
248	572700550
248	4072459934
249	1801957507
249	3112033891
249	4164866690
250	3305280603
250	1196433925
250	3321499115
251	2189730782
251	2327948153
251	4288496912
252	1793287617
252	2250738025
252	3324972812
253	1428115145
253	948005980
253	1687193464
254	1539653417
254	2806560656
254	2271733290
255	778027775
255	1834053658
255	2139958021
256	2290402007
256	802173260
256	1922945250
257	4282545614
257	3648269858
257	1222333805
258	2916942745
258	3441548135
258	3120930547
259	1707259525
259	3068992344
259	1992156346
260	1751333766
260	3696195162
260	3473387989
261	3233686944
261	3173443975
261	3902292240
262	1946355182
262	1253866334
262	644962463
263	2416498029
263	3023188008
263	1618967672
264	1866122895
264	2391070667
264	1579926187
265	1066667986
265	987380303
265	3168585901
266	3651856014
266	2091286202
266	903616487
267	2430458246
267	625432436
267	2855094727
268	753019946
268	3071051158
268	1957881830
269	3470795709
269	801879759
269	2013139157
270	2613461506
270	4042344820
270	2589222295
271	2528512505
271	964831610
271	346264792
272	4236803937
272	3850077706
272	1588197957
273	3628894326
273	2511046559
273	478413540
274	4085581702
274	3028773721
274	3589724136
275	3610903473
275	2196655640
275	254944133
276	3793666778
276	1157489772
276	1937345149
277	761795737
277	3632898748
277	3354436167
278	4178895617
278	3452524758
278	164058492
279	2716449806
279	1023997002
279	310028744
280	3487109379
280	271078794
280	788290890
281	4154419064
281	245408097
281	206254409
282	2362960286
282	2250417591
282	2395343192
283	984757555
283	3956941119
283	3931439076
284	4203994086
284	1244776896
284	3003141899
285	736742099
285	861689165
285	3397349701
286	2959175189
286	1791028317
286	639789392
287	1924715841
287	2698317691
287	541076385
288	3951241684
288	3918392911
288	1557734565
289	3178659822
289	1024838185
289	638978919
290	678877323
290	611298486
290	1456731887
291	3704851654
291	2101141894
291	3464438491
292	2092517702
292	2809879280
292	4111127775
293	3672061243
293	168661473
293	2515522445
294	1858718079
294	2014794552
294	9951685
295	3493480685
295	3579576911
295	3504810226
296	962003784
296	2806658021
296	1818808840
297	2327729095
297	1295047695
297	7905693
298	2048729687
298	804667195
298	3503086465
299	1566872047
299	2867349018
299	2218050099
300	2911762902
300	1025797673
300	2845375418
301	3425300217
301	422326898
301	2793174070
302	1414250248
302	207941358
302	2710618199
303	2805087326
303	1029512642
303	3211112687
304	2771766092
304	3026912206
304	4089021047
305	2707244177
305	1046599495
305	2181380275
306	2139909217
306	2595182746
306	1569448876
307	2863246859
307	2959409917
307	1373809267
308	2552469998
308	973980656
308	1243939060
309	3331459682
309	2866814697
309	1486888014
310	271800227
310	4083281434
310	3059309775
311	261845647
311	1490627535
311	467151020
312	2565251664
312	3727977547
312	1250669344
313	342797
313	2817432666
313	3286440455
314	3032487076
314	1360369980
314	1310612366
315	3182720441
315	350767664
315	190670936
316	3334062153
316	3780866482
316	1956208315
317	551800499
317	1484554872
317	3226807871
318	3999439546
318	214405565
318	2019598419
319	3183636873
319	3325089202
319	3609167468
320	4209667530
320	2371559111
320	14377105
321	993119518
321	665618669
321	3961570894
322	1679524884
322	3281739501
322	1005734810
323	2479054267
323	485125098
323	1441567290
324	4086996926
324	1284425654
324	627758992
325	1320587839
325	1310807403
325	4160800950
326	289397280
326	4111581513
326	21005918
327	3254776666
327	2011586435
327	1179353133
328	6991087
328	1005342975
328	2921433010
329	686683131
329	3943886279
329	1026569671
330	3194062113
330	1337350149
330	1425245336
331	945161710
331	3654195913
331	594995371
332	4041830783
332	2626733334
332	2619032728
333	1669603664
333	168580388
333	1052447589
334	44307780
334	2267900559
334	2084416856
335	126968268
335	560297533
335	3136170104
336	3846343717
336	3010327985
336	4040243311
337	4169499594
337	3359426144
337	4209815867
338	1126927599
338	2255898372
338	2169976977
339	2464439989
339	3731955315
339	619362555
340	1194869736
340	1629571615
340	1599333613
341	3120832913
341	3962538240
341	1063890577
342	3844726813
342	1262996113
342	2484346652
343	3527210203
343	736603430
343	2617941868
344	776932578
344	2343953588
344	191924044
345	1296843016
345	1323254953
345	657857120
346	2250027480
346	1909170501
346	3981165078
347	4231768852
347	237248659
347	811298865
348	3912493549
348	4191610821
348	1958993147
349	1346246453
349	2801247431
349	1252639222
350	2016567460
350	632570884
350	3202129206
351	1770338246
351	3850378669
351	925620642
352	3469409453
352	2957082403
352	3673816959
353	582159498
353	1665380265
353	3081858011
354	4041764634
354	2129045655
354	1228475133
355	2122605765
355	26116911
355	1350954885
356	1378350625
356	4248707240
356	3610062480
357	1836360128
357	1539944434
357	2904675673
358	821989615
358	3767637546
358	1972999891
359	3756027569
359	1921499835
359	3848401290
360	1648948558
360	3854233195
360	1537536527
361	3010655760
361	4171575083
361	659504476
362	1873834201
362	2614296761
362	1348602591
363	2297695800
363	44392308
363	2320118720
364	3227431444
364	433763460
364	2292722123
365	1925074762
365	1878885016
365	1081162627
366	160727658
366	1184918423
366	2819733079
367	2288735041
367	1227898801
367	3705297724
368	464382440
368	1219908713
368	1740440236
369	2946206632
369	3147772755
369	1472295242
370	4215636594
370	615775134
370	2144465518
371	3182913148
371	2220591032
371	2796612490
372	3577719918
372	3696787342
372	1095351310
373	2388801104
373	3961694134
373	1244339572
374	366456305
374	4233970826
374	2902017458
375	851514251
375	1631500140
375	2359689616
376	3218271499
376	1202126561
376	1995009303
377	21566041
377	2437365391
377	3854071738
378	574613315
378	358994958
378	7283767
379	3407957010
379	1266585666
379	873725927
380	1284881794
380	2601963528
380	1882310222
381	3027114338
381	2302023704
381	1176919746
382	100428409
382	1126322220
382	4143952322
383	645265367
383	346826853
383	3579642258
384	1180041589
384	3325456408
384	1997019264
385	2716919323
385	1757443876
385	343107761
386	263447685
386	2646361060
386	749810234
387	2491172711
387	2238876543
387	2307211548
388	2795468097
388	3624268805
388	1244578059
389	3618694988
389	862131235
389	722156915
390	4153745769
390	2290653686
390	3157040275
391	2443802420
391	1685999697
391	788774754
392	2937299412
392	2828517889
392	3326958090
393	3262393196
393	1590143457
393	571175835
394	332794544
394	3790720597
394	3291922567
395	2516486386
395	878135059
395	1097431183
396	294353562
396	1030483370
396	3805105796
397	2930071491
397	402263587
397	2851450590
398	3520108822
398	1301112170
398	990246315
399	3007768903
399	1442401948
399	812259250
400	2085529112
400	639473614
400	3822824225
401	2408732079
401	151646714
401	725640309
402	2495629833
402	2815201451
402	2659120149
403	3202435632
403	2098069133
403	1474687896
404	175173465
404	4064709175
404	3381363853
405	3579596756
405	557063464
405	401398300
406	1628008864
406	635378663
406	380048482
407	2747227224
407	1642489080
407	1708019678
408	1604538472
408	1804858794
408	3338561837
409	2738504963
409	274089133
409	291276775
410	3873135794
410	1233437027
410	452285146
411	4282299688
411	76642784
411	3675968527
412	3325351198
412	3465421679
412	1261064006
413	2269126859
413	1722811038
413	368173625
414	240097779
414	264637449
414	625993213
415	4252621622
415	1097047105
415	3417167201
416	1583641222
416	2132721437
416	2146568746
417	1688165785
417	583822786
417	3117878430
418	182390961
418	1387459146
418	2793059682
419	2235052096
419	3586472720
419	2169353970
420	2199564749
420	629831036
420	687466915
421	4043051480
421	2941407956
421	1053048199
422	2602171599
422	380746127
422	2558504651
423	186861760
423	3960514931
423	2796668436
424	1177196127
424	2715011368
424	3248145870
425	71133049
425	1259906565
425	1835745077
426	2084408546
426	2991190945
426	2966893889
427	4179823798
427	1135907397
427	3684551397
428	471989190
428	1290296452
428	4080733969
429	54086297
429	3167622538
429	3054892778
430	2654799821
430	3038986995
430	1638241763
431	2841144283
431	3768977022
431	639300597
432	3118804150
432	3454796772
432	767421527
433	3484307547
433	2453556345
433	102860733
434	1367966751
434	3600567908
434	3404936465
435	1300370380
435	1019280715
435	1825241425
436	490368794
436	2378190106
436	3096262674
437	39009271
437	3740980855
437	2632015036
438	2129007093
438	1118055787
438	1302927049
439	2782446450
439	3528033490
439	1298005140
440	2069812323
440	1914739033
440	89415405
441	2076695379
441	3321379342
441	1972445559
442	1472300703
442	729837081
442	3346466317
443	721198534
443	2612417909
443	2370973942
444	1292628079
444	1497351223
444	2137866402
445	213322922
445	371730249
445	4040764103
446	3526086544
446	2742483463
446	3720860142
447	1821346104
447	1826490187
447	2138179062
448	1562862716
448	2011198694
448	3325081825
449	3486805571
449	1819788159
449	1619518466
450	1172844898
450	2711556915
450	1854793083
451	3098910039
451	1430277525
451	2825821443
452	2034702660
452	413870558
452	2881607684
453	2657239604
453	3294516353
453	3566452009
454	1003487732
454	629231412
454	1259963523
455	1180477058
455	3842357621
455	3236581855
456	2377404206
456	743212778
456	3708907793
457	2688237501
457	1843913795
457	2657982182
458	411563098
458	3889469457
458	1323433638
459	633647746
459	2681410557
459	775371221
460	4122936432
460	344184982
460	1800679065
461	431866266
461	3027744003
461	3351817555
462	2831894070
462	1537720514
462	3818619764
463	3919804194
463	3955901637
463	3930845603
464	1407672858
464	2111467549
464	835466457
465	48665234
465	3467192922
465	866399514
466	1378927556
466	2877294368
466	843924978
467	3970001796
467	1798262658
467	1671542785
468	2158200144
468	1289646158
468	1065347743
469	4009132334
469	893401339
469	1638912953
470	2558208524
470	1536972228
470	2102510021
471	287142591
471	4238533196
471	3332873563
472	2090985134
472	2938943383
472	989445683
473	2828652959
473	2226744529
473	1937662333
474	621145674
474	369127082
474	4290319561
475	860873954
475	1239331298
475	4127081200
476	2902379731
476	664113510
476	3286973812
477	1879356783
477	1902771968
477	2075081445
478	1244768126
478	3344548696
478	4194123113
479	2143407217
479	3740544311
479	2345125228
480	993071040
480	1307716003
480	1644676007
481	2564699549
481	4053685577
481	1090652173
482	1617121495
482	640583761
482	1380422434
483	3275390047
483	1789688628
483	3883387437
484	3846740335
484	2321447874
484	2957710382
485	3956129737
485	2689841424
485	477780656
486	2216537315
486	1971041627
486	4124905751
487	2925944978
487	471278456
487	637477668
488	2841313890
488	4141236800
488	229212755
489	1883407035
489	3014725225
489	800719153
490	3762201527
490	1197319810
490	1843994093
491	1898382590
491	387535041
491	360680703
492	3517161124
492	2096057006
492	1183485949
493	2930428340
493	2110202001
493	1533286937
494	2344358616
494	1680555247
494	2548165871
495	2400357761
495	3658119379
495	28699488
496	1487762351
496	2156641274
496	73064375
497	2672630939
497	1145579258
497	632244731
498	257261156
498	4142216047
498	522035352
499	2211449080
499	1865859284
499	2665408961
500	2965603160
500	4184253496
500	2775634607
501	2353604091
501	1141732181
501	1801279469
502	3636774260
502	3409550306
502	280371881
503	2943564422
503	1382130046
503	1689906495
504	3868438325
504	1476729379
504	189252747
505	854076137
505	785084307
505	2650604338
506	2677393767
506	4126753574
506	977866469
507	3185763509
507	3658865318
507	2226121799
508	1658341500
508	2159307421
508	1586335475
509	3208559926
509	2285434587
509	3058868601
510	2242834590
510	1809486854
510	1744233927
511	1976333256
511	3895400237
511	1795698294
512	1628696475
512	1478210817
512	2996560106
513	102080699
513	2216580451
513	2643919840
514	1942261507
514	905147811
514	3037179814
515	839133671
515	3195081197
515	2658556758
516	1770305732
516	178111761
516	3021360150
517	1539153762
517	2798437117
517	1615350037
518	2843013683
518	3280792501
518	957519896
519	2348449069
519	1146326492
519	3628119078
520	505288234
520	1760117541
520	715750441
521	3813588155
521	3191713626
521	4172791358
522	2060751642
522	4264951118
522	3083866601
523	4152189959
523	986366316
523	4100939021
524	1158721926
524	1484955590
524	769572562
525	3348024893
525	43860250
525	3440501755
526	1740174684
526	2319267192
526	2344430340
527	2765579610
527	2489039001
527	598086458
528	3519496242
528	4010116616
528	3364332475
529	1585715191
529	1333824232
529	3329043093
530	3378735248
530	3343583937
530	2920019773
531	2226050970
531	171534854
531	1844760463
532	198529054
532	2992864239
532	1518341850
533	4288368268
533	2837850003
533	2024997658
534	1706693687
534	1241499804
534	3834586317
535	2850225451
535	3708284425
535	685842106
536	3632784454
536	3924171534
536	3154192725
537	353677282
537	128187602
537	4258728211
538	3102972300
538	257724874
538	3254761320
539	1179507184
539	2100320159
539	3597465923
540	1727589144
540	3208421495
540	528905970
541	326724905
541	2409186094
541	226591661
542	2445066007
542	3393229739
542	2953299736
543	2839088104
543	2930909093
543	458143123
544	1705144829
544	1348930358
544	3451117311
545	1286982280
545	2642845247
545	1101650980
546	3725300159
546	3827650257
546	2007123095
547	1616955655
547	4228757603
547	3669874013
548	3851786511
548	835321007
548	1873600630
549	2596676957
549	1590843088
549	1228347145
550	217154574
550	1795545998
550	639969832
551	3421068286
551	2687422387
551	485387224
552	2364498975
552	3878729852
552	1751862882
553	3211764403
553	3580475546
553	1007156730
554	1081289874
554	1842904915
554	4292598401
555	605336387
555	543484141
555	1416920253
556	3058322079
556	1622816720
556	1851858195
557	3447305043
557	2799399571
557	1885791308
558	3925572682
558	1105495332
558	1989564209
559	791870179
559	3066012889
559	4219495413
560	3865642536
560	1036466438
560	1850155794
561	874339810
561	1996603478
561	1024187864
562	385469367
562	1916632610
562	8819213
563	1015838006
563	2839360361
563	1530604407
564	2316996798
564	3271769869
564	2678736722
565	3739527929
565	2131953558
565	1402219380
566	2455575309
566	757857448
566	1331803740
567	3662534889
567	659617702
567	543294858
568	325258812
568	2557537873
568	1089360720
569	3954044836
569	3299701743
569	467801652
570	1458220000
570	2107807604
570	3328091108
571	525450808
571	3046081439
571	3124329452
572	918853935
572	3568583370
572	310625395
573	3910794772
573	3599939655
573	2807327669
574	545948239
574	3333212017
574	2720586911
575	2298601692
575	992676796
575	1385077362
576	184939163
576	1890763525
576	523163550
577	3195115560
577	536012164
577	3524571833
578	305788987
578	3751582609
578	883429380
579	3027282492
579	590168363
579	1314731105
580	1701711205
580	3158014830
580	3921698475
581	907277554
581	40926314
581	2968917789
582	1779637088
582	3362384139
582	1894785283
583	2652679790
583	3224816492
583	2338640177
584	69057839
584	4214544718
584	1075341089
585	4153588649
585	606732843
585	3980174159
586	3240488743
586	3012028230
586	438479351
587	2003253687
587	9880813
587	2618372774
588	1992388607
588	719652411
588	3844545005
589	3978650726
589	1526427113
589	3899389431
590	2976458825
590	2370794401
590	3726840754
591	1482386734
591	3292637187
591	4230363650
592	2845638429
592	1711112843
592	3077073155
593	2184165340
593	771177379
593	945978414
594	1140355287
594	639334755
594	31713035
595	2736986246
595	2927593434
595	442249177
596	2899825254
596	2739112659
596	1327552237
597	3061339929
597	3313615797
597	1159182904
598	233325387
598	1998100277
598	2780013289
599	2850188647
599	383379097
599	561479169
600	2866326019
600	2574004539
600	807086938
601	578246367
601	152510174
601	2142951708
602	4124509316
602	2177391937
602	3412261897
603	634881183
603	1398260322
603	925564385
604	1552092078
604	3406518215
604	1669278260
605	1970574127
605	3553540721
605	3239559141
606	1336973685
606	2391760244
606	3899470626
607	2916302054
607	1844312796
607	1337107829
608	2615313574
608	4215168972
608	3535405230
609	627530965
609	2167990355
609	2086226890
610	3396895389
610	2996661880
610	1887214244
611	3456473333
611	4267908910
611	3029199857
612	93301575
612	138821615
612	1136205879
613	2491382299
613	1929449593
613	2292168217
614	2741386439
614	1422544300
614	4251186116
615	2026261358
615	693986067
615	1381559639
616	372892907
616	2286011900
616	2740106149
617	3672288301
617	3357088529
617	1700499186
618	869355397
618	1760329998
618	4220408284
619	4106819499
619	1761182251
619	4102380075
620	1335903711
620	619326904
620	842179876
621	2557006757
621	1989624321
621	2826708476
622	753983458
622	2308824843
622	301411332
623	1237623794
623	3095699934
623	1565401962
624	918459734
624	3175467335
624	980371912
625	3514109650
625	1205904854
625	3438422762
626	1286508305
626	3636943087
626	4076778677
627	442028433
627	841561269
627	2866856356
628	2644526456
628	3771293621
628	3193623016
629	2447794564
629	3754861509
629	3136863624
630	101447617
630	2325827097
630	3858712103
631	1970911699
631	2242606433
631	1667350456
632	2487315407
632	1589751948
632	2869447086
633	329151683
633	3952352944
633	2455140466
634	674555958
634	3243176024
634	1087156839
635	1260934583
635	1110151664
635	3164972806
636	1010095298
636	1279486562
636	2635300666
637	2343228837
637	1867372052
637	2736474162
638	4230970576
638	3242517013
638	2679876292
639	2425079950
639	774520571
639	1069929170
640	3076872584
640	3534494816
640	3901322832
641	3064479664
641	1852538000
641	4133690102
642	2825895335
642	3168059456
642	3980854133
643	2096838397
643	3097867508
643	4137900662
644	1031053759
644	2728609601
644	591221039
645	759458612
645	3530787558
645	390040620
646	2568372211
646	2926216320
646	363500366
647	2891889677
647	754510285
647	3049651185
648	2792366881
648	925464303
648	78482836
649	3697346809
649	2054914140
649	891755893
650	1217061993
650	2860881059
650	3185128427
651	196663538
651	2360212965
651	865527167
652	2927090344
652	1590397876
652	2066731843
653	2591714911
653	805439034
653	4150500558
654	1429812947
654	1313631123
654	2659080086
655	2481039429
655	168669184
655	2053655619
656	1062641598
656	1954365402
656	3077530725
657	1699841867
657	1078649312
657	1984004895
658	1722290132
658	2985717238
658	686031743
659	505246193
659	3497555395
659	4146563081
660	115505594
660	2948465598
660	885921508
661	1473670450
661	2215407576
661	1910268391
662	539500582
662	739170184
662	571768636
663	1887712551
663	666842486
663	2686586800
664	2000174405
664	2803035590
664	1919996062
665	128290941
665	3982700680
665	1343926222
666	1411141704
666	1340562531
666	584184842
667	3318516883
667	125402089
667	304445510
668	1379610582
668	960766139
668	4255572790
669	3184547554
669	2431126127
669	417030765
670	715104539
670	3178570563
670	1992656962
671	3093934212
671	38450840
671	3816717822
672	966273987
672	2977447665
672	213203319
673	3854598742
673	1992711470
673	3678679097
674	362795217
674	1154798335
674	1658919320
675	2240708660
675	3393573073
675	4057749728
676	3076535210
676	3033511138
676	2040749871
677	2996117990
677	3345521048
677	480973710
678	79707385
678	3914955600
678	772913211
679	849287413
679	160229236
679	2055758239
680	1008378281
680	2254650441
680	1180386600
681	828208130
681	2539881666
681	272651767
682	3416553167
682	1128913332
682	2358061944
683	565085305
683	2489587750
683	4137342599
684	1473612872
684	3213024746
684	1823440247
685	2871217885
685	669876340
685	3398504531
686	3788201281
686	2703051389
686	1235500638
687	287067
687	2011107614
687	3740574989
688	1460972632
688	1308604662
688	202891328
689	2517682815
689	597688598
689	1789758458
690	3302696876
690	1535782821
690	2588144536
691	2595913730
691	2351776795
691	3987323678
692	4198466421
692	766093776
692	2640259046
693	153455128
693	2919360805
693	2688400784
694	1482617279
694	2469348451
694	2983140526
695	514814590
695	2968643262
695	4293423521
696	3811925071
696	1351779049
696	1793348946
697	1986877609
697	3718940917
697	1492273628
698	3042602599
698	1305684559
698	1324716943
699	2047807295
699	740288851
699	3485676825
700	4241625662
700	2029071081
700	1197244850
701	3593258902
701	2295828818
701	1994028397
702	3713804843
702	575699359
702	1494072184
703	737203872
703	1241817504
703	2723436392
704	2801801177
704	3093873171
704	2242395637
705	3156052199
705	3201501318
705	4191774920
706	3785941784
706	1883907953
706	3758356431
707	2109770464
707	3369678063
707	1453229262
708	4159902583
708	2186277122
708	4173745144
709	3312868435
709	1695655256
709	444931858
710	69040423
710	1960431080
710	1739960969
711	651134067
711	2020363730
711	3409885077
712	2939911206
712	4099253196
712	544171272
713	1801661562
713	1998124345
713	371248295
714	1450090244
714	144932881
714	2314023930
715	2220547228
715	3068939172
715	4182062190
716	2523324350
716	664724067
716	1518673893
717	3170268399
717	1554910773
717	658799272
718	2297952280
718	1264692123
718	451511166
719	330992005
719	18657028
719	638372454
720	1212463827
720	1925265515
720	3311324012
721	3382620303
721	1399045123
721	237691634
722	3597581077
722	2015150562
722	1452545337
723	2854657268
723	1615042488
723	3717781946
724	3522211213
724	3480112500
724	1145559605
725	990669400
725	1588600105
725	695644528
726	2191272312
726	2197606339
726	4032228744
727	2111787271
727	79608908
727	1640163255
728	2336849174
728	77882756
728	4037168619
729	613529070
729	1057929740
729	971710889
730	2876730169
730	1497205430
730	639476912
731	3452654340
731	4269585146
731	2983441961
732	973699067
732	514053182
732	78243512
733	279517857
733	72072422
733	158020765
734	1317064005
734	2194159804
734	1910166023
735	1050444520
735	2727412327
735	3039716163
736	3064956535
736	3480037824
736	86928900
737	2322829078
737	308790978
737	2917687018
738	535851038
738	3258814405
738	3997208770
739	1873300560
739	739226599
739	1607094129
740	3153165078
740	49558943
740	4146657701
741	4266700277
741	4026871201
741	3091469490
742	2031106655
742	2631658200
742	415311009
743	51795761
743	2997847561
743	1089548993
744	2566495709
744	232827083
744	2114049714
745	454269757
745	1468956259
745	1781956079
746	2199211010
746	3673295529
746	1295765498
747	3749682545
747	415668018
747	1535222303
748	3274840973
748	1989564102
748	731489377
749	1849789920
749	2028270670
749	3774265182
750	3616936049
750	3287083574
750	61213052
751	3562945261
751	3269864468
751	2572126818
752	2237152151
752	2741840685
752	2352820441
753	2271513019
753	3466287618
753	1194415538
754	2629392918
754	2596473774
754	805503223
755	1327218092
755	288187592
755	1504665745
756	4250101895
756	1236446184
756	773138731
757	4026284831
757	3391735641
757	3078419152
758	2186238681
758	3557602892
758	1345980095
759	864252677
759	810194642
759	3901412560
760	3571032782
760	1012164981
760	3258481062
761	617664981
761	2527897081
761	63663038
762	2020254311
762	3743509636
762	2820302984
763	1931318598
763	3217471556
763	2122500895
764	2345588815
764	2073956461
764	3617847710
765	3301542965
765	824925701
765	1528703709
766	3418097465
766	577760025
766	2804465168
767	3694202237
767	4015067124
767	2903997970
768	2076148692
768	400880497
768	4287597671
769	919666677
769	3632834869
769	4157660986
770	3952217565
770	3297334718
770	631515238
771	3346299572
771	616620283
771	4247678052
772	2733937531
772	719974723
772	587523689
773	3916381807
773	451766939
773	1250117119
774	2592794407
774	1107052895
774	2141063809
775	673578113
775	662969478
775	3407312981
776	1845871805
776	3079865564
776	562448971
777	2525498066
777	1781891445
777	3275419575
778	1549151810
778	1669630097
778	484137399
779	422104224
779	843837909
779	2653505016
780	2154816537
780	347637353
780	2844805704
781	3261798495
781	4232440172
781	2151044018
782	334725291
782	2820240555
782	239849673
783	1314317756
783	947590153
783	4197644108
784	1566447703
784	2497991608
784	1435712583
785	2049254254
785	1964510738
785	533505646
786	1384959783
786	1053725921
786	3672504861
787	728178672
787	818146275
787	2405066708
788	277828697
788	337301522
788	1479473372
789	3787844961
789	4130242831
789	1861989131
790	2635321188
790	225907765
790	278272317
791	2918337521
791	730777986
791	1279029818
792	3659338073
792	3133973345
792	359951121
793	1578352332
793	592999517
793	1393163298
794	2579926886
794	2060707686
794	3545499610
795	2012252333
795	1238113493
795	2003739379
796	1069850260
796	1024944405
796	3451723645
797	4139588219
797	734477517
797	4171997102
798	757707389
798	811249070
798	1659581076
799	3708675286
799	1683957344
799	1099229619
800	3523041683
800	1461562744
800	457483999
801	2877659830
801	527264502
801	2134824501
802	2375451562
802	1273241759
802	2595151904
803	193973251
803	1492849226
803	3850549094
804	1468014338
804	3283868560
804	2728732769
805	233250004
805	752890671
805	3225334548
806	2943512065
806	2775739128
806	3807749867
807	778619511
807	1577602571
807	1332388811
808	2866767354
808	4096065550
808	562644530
809	4094397172
809	908992962
809	1525426034
810	3394489190
810	2833545581
810	264795663
811	1513415283
811	4239935458
811	1744381112
812	126010374
812	1864853055
812	4242261849
813	297995398
813	2452723525
813	297579912
814	1387758219
814	1609454342
814	3286489985
815	4215504933
815	3455851594
815	499775688
816	3597616206
816	1081515222
816	3689062268
817	9228774
817	3420135451
817	1491401102
818	1520753493
818	1605018411
818	1895955303
819	677776382
819	2722049725
819	1531930926
820	1021603271
820	1126988118
820	2584826907
821	2681262068
821	1455738335
821	100670185
822	3240658720
822	2421396852
822	1947019062
823	943252661
823	2311944419
823	3521843189
824	2801588135
824	857442330
824	2327096784
825	2922507987
825	3141842177
825	824468776
826	1487372725
826	645166372
826	2682873889
827	1022162697
827	3204813693
827	3193102430
828	606735269
828	4031211900
828	1156477539
829	3728060081
829	2608552838
829	2021839011
830	2849369718
830	4246792280
830	1873190946
831	1900962243
831	2909568306
831	267532033
832	3683712721
832	3535574923
832	3150230111
833	1006645137
833	562054016
833	2912276542
834	556760168
834	807499897
834	215977971
835	1975036950
835	2819887398
835	4164441925
836	2211911335
836	184532974
836	2507694779
837	4059600314
837	1278532669
837	25787261
838	4279173701
838	1326120129
838	2193945394
839	3401617945
839	463920493
839	3644657609
840	2065228129
840	641693849
840	3016800601
841	2043821218
841	79673304
841	3487241648
842	306798075
842	1182092044
842	3894229305
843	965590756
843	2124709950
843	1397065840
844	1744740676
844	3644423023
844	154122124
845	174098833
845	3007596581
845	3268638356
846	3360425637
846	4009609001
846	3929666819
847	1311855680
847	21131678
847	1055657484
848	2660990709
848	523755240
848	18380132
849	3255309490
849	336711347
849	1033399675
850	1222359742
850	3094972817
850	3161398981
851	2104682895
851	820054181
851	2736163670
852	122374722
852	3213190880
852	2345860885
853	1251688452
853	831458699
853	522088204
854	141336982
854	958927238
854	3457932678
855	3099297417
855	2259126952
855	2366805383
856	4264173279
856	162984545
856	884264456
857	2708460542
857	2164962666
857	1688556926
858	1777542183
858	3930807623
858	3651704721
859	414638419
859	3841888879
859	3310369717
860	4238045543
860	1121801035
860	383513165
861	4147691727
861	307144238
861	1400329553
862	3246606576
862	406302972
862	3557070671
863	2674174227
863	736020225
863	2923320526
864	2501433806
864	4224061984
864	571248161
865	1341374037
865	2863969116
865	2946796859
866	3133092011
866	1887774725
866	2175945943
867	1992556176
867	561134354
867	263546212
868	1608890572
868	2567977341
868	727489438
869	1441023360
869	4197117200
869	625954834
870	3067255283
870	1376439385
870	3209707329
871	3303681090
871	3263514446
871	2959750203
872	544528041
872	2722087974
872	3847108025
873	3407991804
873	2981563921
873	666614762
874	4256653863
874	3726917078
874	3252403138
875	3066648556
875	389122656
875	4062278579
876	3726536290
876	1290485801
876	819453545
877	1425200347
877	1664799900
877	821324234
878	4198017026
878	95593389
878	2061202676
879	3859778498
879	2838317095
879	1753329169
880	3345665939
880	3929417377
880	1537341546
881	715851069
881	4088888242
881	3261443408
882	1747967905
882	1392834016
882	2739831354
883	538359381
883	2616141854
883	3386462122
884	1507182011
884	3771889257
884	2991009869
885	2689108031
885	1718189767
885	974084613
886	3953591007
886	3970398715
886	506010018
887	2468216467
887	2542214010
887	2372551417
888	225717793
888	4289828120
888	2706940198
889	166364030
889	3901654095
889	2981027106
890	4264218604
890	1053427805
890	161082126
891	3868555215
891	3480558644
891	1607387200
892	2216438749
892	2982047420
892	841798296
893	1260546136
893	3596119440
893	2719909401
894	443329668
894	2047032874
894	1557173381
895	4289216625
895	3508933022
895	323406113
896	2016187988
896	2064734161
896	4101795494
897	280355906
897	937754520
897	3419956891
898	2042445364
898	2391270817
898	3307517563
899	144274041
899	3057923566
899	2877599491
900	467465074
900	2389572548
900	2052756847
901	3416308681
901	2235039823
901	2055340787
902	337124601
902	4010393294
902	2545543176
903	3735316817
903	1832198787
903	364215102
904	2417970750
904	3187461680
904	918002030
905	2538387491
905	3123478374
905	2909132971
906	2272918475
906	4287096687
906	2084466245
907	4010649792
907	810216827
907	1861449578
908	979113447
908	1080002998
908	4105914574
909	4211542366
909	3107701972
909	259934208
910	1791107487
910	523182625
910	2014318629
911	116138491
911	1073363543
911	2431681498
912	1628571919
912	1739827575
912	873023324
913	1903283083
913	1098415666
913	1593469931
914	2881078584
914	1188494059
914	3094442350
915	583262908
915	1851915379
915	854384743
916	2684645246
916	2652502879
916	3918030152
917	2287218613
917	313502293
917	3598958595
918	332382880
918	2843629190
918	3677259574
919	845047429
919	2813020084
919	1409410584
920	2122130312
920	1091908672
920	1183094851
921	2130800685
921	2751571447
921	1873724942
922	1579042046
922	208708776
922	972469797
923	2637912033
923	404176343
923	3646972883
924	2370723742
924	1790003750
924	1688437178
925	2889916244
925	3163464830
925	2659985600
926	2738485452
926	1080607375
926	260998705
927	162786673
927	4205327115
927	956020897
928	3294052453
928	3157747383
928	3199997803
929	2197989524
929	1603673173
929	189007748
930	3461352639
930	96910277
930	2524696031
931	1937203729
931	1903543647
931	3430105993
932	789741359
932	3575374870
932	3924247331
933	266044950
933	3296562398
933	1561291268
934	2892857778
934	3174743441
934	1670367628
935	2875383172
935	3501509160
935	1594361433
936	899846063
936	753251612
936	2120501211
937	2517661419
937	792341039
937	2586795374
938	903727838
938	1328995794
938	255716388
939	3380956109
939	2773626669
939	1538596714
940	2044347953
940	2570556267
940	4268606326
941	2422361895
941	2191921692
941	3019857048
942	3561396064
942	3898194901
942	635270554
943	2657435215
943	3525695810
943	2704087896
944	220560967
944	2543703264
944	189101699
945	1084336629
945	1372921321
945	2724638092
946	1253008602
946	3097893667
946	4000879631
947	2754262266
947	609429852
947	1907353490
948	2554922328
948	3565374287
948	261155661
949	2087164617
949	1124105860
949	2500707197
950	3839522163
950	2119365943
950	4008705055
951	2335080823
951	1949535427
951	598282939
952	944552607
952	193683651
952	945272286
953	3034878972
953	3268977668
953	1984634549
954	2237904596
954	1041183041
954	2809279423
955	3101325483
955	735573320
955	1556832475
956	3001955878
956	3791522867
956	437214379
957	506208072
957	1202046936
957	3557950864
958	205510998
958	406395369
958	886493899
959	2814296614
959	1996209372
959	740588735
960	3731353819
960	3294649102
960	61468352
961	252159916
961	2280505132
961	772982473
962	3064566237
962	3940835799
962	1893457508
963	785740672
963	2638098679
963	349042376
964	3680075989
964	3847779207
964	2205474575
965	1560912567
965	2964482887
965	3700619329
966	3055602684
966	4276472263
966	991927053
967	1795245991
967	443720880
967	2307081561
968	176622766
968	3255695828
968	2771023794
969	1948504234
969	3726352661
969	1790933462
970	645809894
970	599668501
970	446191819
971	3020220415
971	246112507
971	3991566006
972	204175332
972	4284443082
972	1746590905
973	2492772451
973	1874418385
973	4013111247
974	839880423
974	1819598721
974	2184440817
975	180556103
975	2605376629
975	737028758
976	2001386032
976	2553579105
976	3211234008
977	99342234
977	2597544436
977	422659835
978	897932304
978	736351198
978	2294662900
979	2137942810
979	1751619652
979	4100554858
980	2429680967
980	67233199
980	3360353494
981	1357168049
981	432877314
981	3831130694
982	523570908
982	1224620908
982	2238441215
983	2041451341
983	1862089129
983	3203014096
984	2626545579
984	3515159486
984	2860054077
985	2020197892
985	2204803406
985	2323958730
986	2844018358
986	1750391824
986	2260512287
987	275699523
987	788391909
987	1266364174
988	3464285305
988	3535179349
988	1752564107
989	487979638
989	767935537
989	3383952775
990	3205148803
990	2703108601
990	2912279294
991	1593417906
991	1247991185
991	3801527130
992	120536821
992	1371024707
992	2432575671
993	1862129717
993	3711365415
993	2202245681
994	78990636
994	3300381087
994	2165978491
995	401417313
995	3976895052
995	2201336577
996	693254988
996	3467732998
996	127021263
997	3982987267
997	610813618
997	3153725031
998	2434743806
998	3828599462
998	2953597350
999	227079760
999	4017015252
999	2363392342
1000	905129667
1000	22718130
1000	3694506201
