0, 0, 0
1, 0.00920386, 0
2, 0.0184076, 0
3, 0.0276111, 0
4, 0.0368142, 0
5, 0.0460167, 0
6, 0.0552186, 0
7, 0.0644198, 0
8, 0.07362, 0
9, 0.0828192, 0
10, 0.0920172, 0
11, 0.101214, 0
12, 0.110409, 0
13, 0.119603, 0
14, 0.128795, 0
15, 0.137985, 0
16, 0.147173, 0
17, 0.15636, 0
18, 0.165544, 0
19, 0.174725, 0
20, 0.183904, 0
21, 0.193081, 0
22, 0.202255, 0
23, 0.211426, 0
24, 0.220594, 0
25, 0.229759, 0
26, 0.238921, 0
27, 0.248079, 0
28, 0.257234, 0
29, 0.266385, 0
30, 0.275532, 0
31, 0.284676, 0
32, 0.293815, 0
33, 0.302951, 0
34, 0.312082, 0
35, 0.321208, 0
36, 0.330331, 0
37, 0.339448, 0
38, 0.348561, 0
39, 0.357669, 0
40, 0.366771, 0
41, 0.375869, 0
42, 0.384961, 0
43, 0.394048, 0
44, 0.403129, 0
45, 0.412205, 0
46, 0.421275, 0
47, 0.430338, 0
48, 0.439396, 0
49, 0.448448, 0
50, 0.457493, 0
51, 0.466532, 0
52, 0.475564, 0
53, 0.48459, 0
54, 0.493608, 0
55, 0.50262, 0
56, 0.511625, 0
57, 0.520622, 0
58, 0.529612, 0
59, 0.538595, 0
60, 0.54757, 0
61, 0.556538, 0
62, 0.565497, 0
63, 0.574449, 0
64, 0.583392, 0
65, 0.592327, 0
66, 0.601254, 0
67, 0.610173, 0
68, 0.619083, 0
69, 0.627984, 0
70, 0.636876, 0
71, 0.645759, 0
72, 0.654634, 0
73, 0.663499, 0
74, 0.672355, 0
75, 0.681201, 0
76, 0.690037, 0
77, 0.698864, 0
78, 0.707682, 0
79, 0.716489, 0
80, 0.725286, 0
81, 0.734073, 0
82, 0.742849, 0
83, 0.751616, 0
84, 0.760371, 0
85, 0.769116, 0
86, 0.77785, 0
87, 0.786573, 0
88, 0.795286, 0
89, 0.803986, 0
90, 0.812676, 0
91, 0.821354, 0
92, 0.830021, 0
93, 0.838676, 0
94, 0.847319, 0
95, 0.855951, 0
96, 0.86457, 0
97, 0.873177, 0
98, 0.881773, 0
99, 0.890355, 0
100, 0.898925, 0
101, 0.907483, 0
102, 0.916028, 0
103, 0.92456, 0
104, 0.933079, 0
105, 0.941585, 0
106, 0.950077, 0
107, 0.958557, 0
108, 0.967023, 0
109, 0.975475, 0
110, 0.983914, 0
111, 0.992339, 0
112, 1.00075, 0
113, 1.00915, 0
114, 1.01753, 0
115, 1.0259, 0
116, 1.03425, 0
117, 1.04259, 0
118, 1.05092, 0
119, 1.05923, 0
120, 1.06752, 0
121, 1.07581, 0
122, 1.08407, 0
123, 1.09232, 0
124, 1.10056, 0
125, 1.10878, 0
126, 1.11698, 0
127, 1.12517, 0
128, 1.13334, 0
129, 1.1415, 0
130, 1.14964, 0
131, 1.15777, 0
132, 1.16588, 0
133, 1.17397, 0
134, 1.18205, 0
135, 1.19011, 0
136, 1.19815, 0
137, 1.20618, 0
138, 1.21419, 0
139, 1.22218, 0
140, 1.23016, 0
141, 1.23812, 0
142, 1.24606, 0
143, 1.25398, 0
144, 1.26189, 0
145, 1.26978, 0
146, 1.27765, 0
147, 1.2855, 0
148, 1.29334, 0
149, 1.30116, 0
150, 1.30896, 0
151, 1.31674, 0
152, 1.3245, 0
153, 1.33225, 0
154, 1.33997, 0
155, 1.34768, 0
156, 1.35537, 0
157, 1.36304, 0
158, 1.37069, 0
159, 1.37832, 0
160, 1.38594, 0
161, 1.39353, 0
162, 1.4011, 0
163, 1.40866, 0
164, 1.4162, 0
165, 1.42371, 0
166, 1.43121, 0
167, 1.43868, 0
168, 1.44614, 0
169, 1.45358, 0
170, 1.46099, 0
171, 1.46839, 0
172, 1.47576, 0
173, 1.48312, 0
174, 1.49045, 0
175, 1.49777, 0
176, 1.50506, 0
177, 1.51234, 0
178, 1.51959, 0
179, 1.52682, 0
180, 1.53403, 0
181, 1.54122, 0
182, 1.54838, 0
183, 1.55553, 0
184, 1.56265, 0
185, 1.56976, 0
186, 1.57684, 0
187, 1.5839, 0
188, 1.59093, 0
189, 1.59795, 0
190, 1.60494, 0
191, 1.61192, 0
192, 1.61887, 0
193, 1.62579, 0
194, 1.6327, 0
195, 1.63958, 0
196, 1.64644, 0
197, 1.65328, 0
198, 1.66009, 0
199, 1.66688, 0
200, 1.67365, 0
201, 1.6804, 0
202, 1.68712, 0
203, 1.69382, 0
204, 1.7005, 0
205, 1.70715, 0
206, 1.71378, 0
207, 1.72038, 0
208, 1.72697, 0
209, 1.73352, 0
210, 1.74006, 0
211, 1.74657, 0
212, 1.75306, 0
213, 1.75952, 0
214, 1.76596, 0
215, 1.77238, 0
216, 1.77877, 0
217, 1.78513, 0
218, 1.79148, 0
219, 1.79779, 0
220, 1.80409, 0
221, 1.81035, 0
222, 1.8166, 0
223, 1.82282, 0
224, 1.82901, 0
225, 1.83518, 0
226, 1.84133, 0
227, 1.84744, 0
228, 1.85354, 0
229, 1.85961, 0
230, 1.86565, 0
231, 1.87167, 0
232, 1.87766, 0
233, 1.88363, 0
234, 1.88957, 0
235, 1.89549, 0
236, 1.90138, 0
237, 1.90724, 0
238, 1.91308, 0
239, 1.91889, 0
240, 1.92468, 0
241, 1.93044, 0
242, 1.93617, 0
243, 1.94188, 0
244, 1.94756, 0
245, 1.95322, 0
246, 1.95885, 0
247, 1.96445, 0
248, 1.97003, 0
249, 1.97558, 0
250, 1.9811, 0
251, 1.98659, 0
252, 1.99206, 0
253, 1.9975, 0
254, 2.00292, 0
255, 2.00831, 0
256, 2.01367, 0
257, 2.019, 0
258, 2.02431, 0
259, 2.02959, 0
260, 2.03484, 0
261, 2.04007, 0
262, 2.04527, 0
263, 2.05044, 0
264, 2.05558, 0
265, 2.06069, 0
266, 2.06578, 0
267, 2.07084, 0
268, 2.07587, 0
269, 2.08088, 0
270, 2.08585, 0
271, 2.0908, 0
272, 2.09572, 0
273, 2.10061, 0
274, 2.10548, 0
275, 2.11031, 0
276, 2.11512, 0
277, 2.1199, 0
278, 2.12465, 0
279, 2.12937, 0
280, 2.13407, 0
281, 2.13873, 0
282, 2.14337, 0
283, 2.14798, 0
284, 2.15256, 0
285, 2.15711, 0
286, 2.16164, 0
287, 2.16613, 0
288, 2.1706, 0
289, 2.17503, 0
290, 2.17944, 0
291, 2.18382, 0
292, 2.18817, 0
293, 2.19249, 0
294, 2.19678, 0
295, 2.20105, 0
296, 2.20528, 0
297, 2.20948, 0
298, 2.21366, 0
299, 2.21781, 0
300, 2.22192, 0
301, 2.22601, 0
302, 2.23007, 0
303, 2.2341, 0
304, 2.2381, 0
305, 2.24207, 0
306, 2.24601, 0
307, 2.24992, 0
308, 2.2538, 0
309, 2.25765, 0
310, 2.26147, 0
311, 2.26526, 0
312, 2.26903, 0
313, 2.27276, 0
314, 2.27646, 0
315, 2.28013, 0
316, 2.28378, 0
317, 2.28739, 0
318, 2.29097, 0
319, 2.29453, 0
320, 2.29805, 0
321, 2.30154, 0
322, 2.30501, 0
323, 2.30844, 0
324, 2.31184, 0
325, 2.31522, 0
326, 2.31856, 0
327, 2.32187, 0
328, 2.32516, 0
329, 2.32841, 0
330, 2.33163, 0
331, 2.33482, 0
332, 2.33798, 0
333, 2.34111, 0
334, 2.34422, 0
335, 2.34729, 0
336, 2.35033, 0
337, 2.35334, 0
338, 2.35631, 0
339, 2.35926, 0
340, 2.36218, 0
341, 2.36507, 0
342, 2.36793, 0
343, 2.37075, 0
344, 2.37355, 0
345, 2.37632, 0
346, 2.37905, 0
347, 2.38176, 0
348, 2.38443, 0
349, 2.38707, 0
350, 2.38969, 0
351, 2.39227, 0
352, 2.39482, 0
353, 2.39734, 0
354, 2.39983, 0
355, 2.40229, 0
356, 2.40472, 0
357, 2.40712, 0
358, 2.40948, 0
359, 2.41182, 0
360, 2.41413, 0
361, 2.4164, 0
362, 2.41865, 0
363, 2.42086, 0
364, 2.42304, 0
365, 2.42519, 0
366, 2.42732, 0
367, 2.42941, 0
368, 2.43147, 0
369, 2.4335, 0
370, 2.43549, 0
371, 2.43746, 0
372, 2.4394, 0
373, 2.4413, 0
374, 2.44318, 0
375, 2.44502, 0
376, 2.44684, 0
377, 2.44862, 0
378, 2.45037, 0
379, 2.45209, 0
380, 2.45378, 0
381, 2.45544, 0
382, 2.45707, 0
383, 2.45867, 0
384, 2.46024, 0
385, 2.46177, 0
386, 2.46328, 0
387, 2.46475, 0
388, 2.4662, 0
389, 2.46761, 0
390, 2.46899, 0
391, 2.47034, 0
392, 2.47166, 0
393, 2.47295, 0
394, 2.47421, 0
395, 2.47544, 0
396, 2.47664, 0
397, 2.47781, 0
398, 2.47895, 0
399, 2.48005, 0
400, 2.48113, 0
401, 2.48217, 0
402, 2.48319, 0
403, 2.48417, 0
404, 2.48512, 0
405, 2.48605, 0
406, 2.48694, 0
407, 2.4878, 0
408, 2.48863, 0
409, 2.48943, 0
410, 2.4902, 0
411, 2.49094, 0
412, 2.49165, 0
413, 2.49233, 0
414, 2.49298, 0
415, 2.4936, 0
416, 2.49418, 0
417, 2.49474, 0
418, 2.49527, 0
419, 2.49576, 0
420, 2.49623, 0
421, 2.49667, 0
422, 2.49707, 0
423, 2.49745, 0
424, 2.49779, 0
425, 2.49811, 0
426, 2.49839, 0
427, 2.49865, 0
428, 2.49887, 0
429, 2.49907, 0
430, 2.49923, 0
431, 2.49937, 0
432, 2.49947, 0
433, 2.49955, 0
434, 2.49959, 0
435, 2.49961, 0
436, 2.49959, 0
437, 2.49955, 0
438, 2.49947, 0
439, 2.49937, 0
440, 2.49924, 0
441, 2.49907, 0
442, 2.49888, 0
443, 2.49866, 0
444, 2.4984, 0
445, 2.49812, 0
446, 2.49781, 0
447, 2.49747, 0
448, 2.4971, 0
449, 2.4967, 0
450, 2.49627, 0
451, 2.49581, 0
452, 2.49532, 0
453, 2.49481, 0
454, 2.49426, 0
455, 2.49369, 0
456, 2.49308, 0
457, 2.49245, 0
458, 2.49179, 0
459, 2.49109, 0
460, 2.49037, 0
461, 2.48962, 0
462, 2.48885, 0
463, 2.48804, 0
464, 2.4872, 0
465, 2.48634, 0
466, 2.48544, 0
467, 2.48452, 0
468, 2.48357, 0
469, 2.48259, 0
470, 2.48159, 0
471, 2.48055, 0
472, 2.47948, 0
473, 2.47839, 0
474, 2.47727, 0
475, 2.47612, 0
476, 2.47494, 0
477, 2.47374, 0
478, 2.4725, 0
479, 2.47124, 0
480, 2.46995, 0
481, 2.46863, 0
482, 2.46729, 0
483, 2.46591, 0
484, 2.46451, 0
485, 2.46308, 0
486, 2.46163, 0
487, 2.46014, 0
488, 2.45863, 0
489, 2.45709, 0
490, 2.45552, 0
491, 2.45393, 0
492, 2.45231, 0
493, 2.45066, 0
494, 2.44898, 0
495, 2.44728, 0
496, 2.44554, 0
497, 2.44379, 0
498, 2.442, 0
499, 2.44019, 0
500, 2.43835, 0
501, 2.43649, 0
502, 2.43459, 0
503, 2.43267, 0
504, 2.43073, 0
505, 2.42876, 0
506, 2.42676, 0
507, 2.42473, 0
508, 2.42268, 0
509, 2.4206, 0
510, 2.4185, 0
511, 2.41637, 0
512, 2.41421, 0
513, 2.41203, 0
514, 2.40982, 0
515, 2.40759, 0
516, 2.40533, 0
517, 2.40304, 0
518, 2.40073, 0
519, 2.39839, 0
520, 2.39603, 0
521, 2.39364, 0
522, 2.39123, 0
523, 2.38879, 0
524, 2.38632, 0
525, 2.38384, 0
526, 2.38132, 0
527, 2.37878, 0
528, 2.37622, 0
529, 2.37363, 0
530, 2.37101, 0
531, 2.36837, 0
532, 2.36571, 0
533, 2.36302, 0
534, 2.3603, 0
535, 2.35757, 0
536, 2.3548, 0
537, 2.35202, 0
538, 2.34921, 0
539, 2.34637, 0
540, 2.34351, 0
541, 2.34063, 0
542, 2.33772, 0
543, 2.33479, 0
544, 2.33184, 0
545, 2.32886, 0
546, 2.32585, 0
547, 2.32283, 0
548, 2.31978, 0
549, 2.31671, 0
550, 2.31361, 0
551, 2.31049, 0
552, 2.30735, 0
553, 2.30418, 0
554, 2.30099, 0
555, 2.29778, 0
556, 2.29455, 0
557, 2.29129, 0
558, 2.28801, 0
559, 2.28471, 0
560, 2.28138, 0
561, 2.27804, 0
562, 2.27467, 0
563, 2.27127, 0
564, 2.26786, 0
565, 2.26442, 0
566, 2.26097, 0
567, 2.25749, 0
568, 2.25398, 0
569, 2.25046, 0
570, 2.24691, 0
571, 2.24335, 0
572, 2.23976, 0
573, 2.23615, 0
574, 2.23252, 0
575, 2.22887, 0
576, 2.22519, 0
577, 2.2215, 0
578, 2.21778, 0
579, 2.21405, 0
580, 2.21029, 0
581, 2.20651, 0
582, 2.20271, 0
583, 2.19889, 0
584, 2.19506, 0
585, 2.1912, 0
586, 2.18732, 0
587, 2.18342, 0
588, 2.1795, 0
589, 2.17556, 0
590, 2.1716, 0
591, 2.16762, 0
592, 2.16362, 0
593, 2.1596, 0
594, 2.15556, 0
595, 2.1515, 0
596, 2.14743, 0
597, 2.14333, 0
598, 2.13922, 0
599, 2.13508, 0
600, 2.13093, 0
601, 2.12676, 0
602, 2.12257, 0
603, 2.11836, 0
604, 2.11413, 0
605, 2.10989, 0
606, 2.10562, 0
607, 2.10134, 0
608, 2.09704, 0
609, 2.09272, 0
610, 2.08838, 0
611, 2.08403, 0
612, 2.07966, 0
613, 2.07527, 0
614, 2.07086, 0
615, 2.06643, 0
616, 2.06199, 0
617, 2.05753, 0
618, 2.05306, 0
619, 2.04856, 0
620, 2.04405, 0
621, 2.03952, 0
622, 2.03498, 0
623, 2.03042, 0
624, 2.02584, 0
625, 2.02125, 0
626, 2.01664, 0
627, 2.01201, 0
628, 2.00737, 0
629, 2.00271, 0
630, 1.99804, 0
631, 1.99335, 0
632, 1.98864, 0
633, 1.98392, 0
634, 1.97918, 0
635, 1.97443, 0
636, 1.96966, 0
637, 1.96488, 0
638, 1.96008, 0
639, 1.95527, 0
640, 1.95044, 0
641, 1.9456, 0
642, 1.94074, 0
643, 1.93587, 0
644, 1.93098, 0
645, 1.92608, 0
646, 1.92117, 0
647, 1.91624, 0
648, 1.91129, 0
649, 1.90634, 0
650, 1.90136, 0
651, 1.89638, 0
652, 1.89138, 0
653, 1.88637, 0
654, 1.88134, 0
655, 1.87631, 0
656, 1.87125, 0
657, 1.86619, 0
658, 1.86111, 0
659, 1.85602, 0
660, 1.85092, 0
661, 1.8458, 0
662, 1.84067, 0
663, 1.83553, 0
664, 1.83038, 0
665, 1.82521, 0
666, 1.82003, 0
667, 1.81484, 0
668, 1.80964, 0
669, 1.80443, 0
670, 1.7992, 0
671, 1.79397, 0
672, 1.78872, 0
673, 1.78346, 0
674, 1.77819, 0
675, 1.7729, 0
676, 1.76761, 0
677, 1.76231, 0
678, 1.75699, 0
679, 1.75167, 0
680, 1.74633, 0
681, 1.74098, 0
682, 1.73563, 0
683, 1.73026, 0
684, 1.72488, 0
685, 1.7195, 0
686, 1.7141, 0
687, 1.70869, 0
688, 1.70327, 0
689, 1.69785, 0
690, 1.69241, 0
691, 1.68697, 0
692, 1.68151, 0
693, 1.67605, 0
694, 1.67058, 0
695, 1.66509, 0
696, 1.6596, 0
697, 1.6541, 0
698, 1.6486, 0
699, 1.64308, 0
700, 1.63755, 0
701, 1.63202, 0
702, 1.62648, 0
703, 1.62093, 0
704, 1.61537, 0
705, 1.60981, 0
706, 1.60424, 0
707, 1.59866, 0
708, 1.59307, 0
709, 1.58747, 0
710, 1.58187, 0
711, 1.57626, 0
712, 1.57064, 0
713, 1.56502, 0
714, 1.55939, 0
715, 1.55375, 0
716, 1.54811, 0
717, 1.54246, 0
718, 1.5368, 0
719, 1.53114, 0
720, 1.52547, 0
721, 1.51979, 0
722, 1.51411, 0
723, 1.50843, 0
724, 1.50273, 0
725, 1.49704, 0
726, 1.49133, 0
727, 1.48562, 0
728, 1.47991, 0
729, 1.47419, 0
730, 1.46847, 0
731, 1.46274, 0
732, 1.457, 0
733, 1.45126, 0
734, 1.44552, 0
735, 1.43977, 0
736, 1.43402, 0
737, 1.42826, 0
738, 1.4225, 0
739, 1.41674, 0
740, 1.41097, 0
741, 1.4052, 0
742, 1.39942, 0
743, 1.39364, 0
744, 1.38786, 0
745, 1.38207, 0
746, 1.37628, 0
747, 1.37049, 0
748, 1.36469, 0
749, 1.35889, 0
750, 1.35309, 0
751, 1.34729, 0
752, 1.34148, 0
753, 1.33567, 0
754, 1.32986, 0
755, 1.32404, 0
756, 1.31823, 0
757, 1.31241, 0
758, 1.30659, 0
759, 1.30077, 0
760, 1.29494, 0
761, 1.28912, 0
762, 1.28329, 0
763, 1.27746, 0
764, 1.27163, 0
765, 1.2658, 0
766, 1.25997, 0
767, 1.25414, 0
768, 1.2483, 0
769, 1.24247, 0
770, 1.23663, 0
771, 1.2308, 0
772, 1.22496, 0
773, 1.21913, 0
774, 1.21329, 0
775, 1.20745, 0
776, 1.20162, 0
777, 1.19578, 0
778, 1.18994, 0
779, 1.18411, 0
780, 1.17827, 0
781, 1.17244, 0
782, 1.16661, 0
783, 1.16077, 0
784, 1.15494, 0
785, 1.14911, 0
786, 1.14328, 0
787, 1.13745, 0
788, 1.13162, 0
789, 1.1258, 0
790, 1.11997, 0
791, 1.11415, 0
792, 1.10833, 0
793, 1.10251, 0
794, 1.09669, 0
795, 1.09088, 0
796, 1.08506, 0
797, 1.07925, 0
798, 1.07344, 0
799, 1.06764, 0
800, 1.06183, 0
801, 1.05603, 0
802, 1.05024, 0
803, 1.04444, 0
804, 1.03865, 0
805, 1.03286, 0
806, 1.02707, 0
807, 1.02129, 0
808, 1.01551, 0
809, 1.00974, 0
810, 1.00397, 0
811, 0.998199, 0
812, 0.992435, 0
813, 0.986675, 0
814, 0.980919, 0
815, 0.975167, 0
816, 0.969419, 0
817, 0.963676, 0
818, 0.957937, 0
819, 0.952203, 0
820, 0.946473, 0
821, 0.940748, 0
822, 0.935028, 0
823, 0.929313, 0
824, 0.923603, 0
825, 0.917898, 0
826, 0.912199, 0
827, 0.906505, 0
828, 0.900816, 0
829, 0.895133, 0
830, 0.889455, 0
831, 0.883783, 0
832, 0.878117, 0
833, 0.872457, 0
834, 0.866803, 0
835, 0.861156, 0
836, 0.855514, 0
837, 0.849879, 0
838, 0.84425, 0
839, 0.838628, 0
840, 0.833012, 0
841, 0.827404, 0
842, 0.821802, 0
843, 0.816206, 0
844, 0.810618, 0
845, 0.805037, 0
846, 0.799464, 0
847, 0.793897, 0
848, 0.788338, 0
849, 0.782787, 0
850, 0.777243, 0
851, 0.771707, 0
852, 0.766178, 0
853, 0.760657, 0
854, 0.755145, 0
855, 0.74964, 0
856, 0.744144, 0
857, 0.738656, 0
858, 0.733176, 0
859, 0.727704, 0
860, 0.722241, 0
861, 0.716787, 0
862, 0.711342, 0
863, 0.705905, 0
864, 0.700477, 0
865, 0.695058, 0
866, 0.689648, 0
867, 0.684247, 0
868, 0.678856, 0
869, 0.673474, 0
870, 0.668101, 0
871, 0.662738, 0
872, 0.657384, 0
873, 0.65204, 0
874, 0.646706, 0
875, 0.641382, 0
876, 0.636067, 0
877, 0.630763, 0
878, 0.625469, 0
879, 0.620185, 0
880, 0.614911, 0
881, 0.609647, 0
882, 0.604395, 0
883, 0.599152, 0
884, 0.59392, 0
885, 0.588699, 0
886, 0.583489, 0
887, 0.57829, 0
888, 0.573101, 0
889, 0.567924, 0
890, 0.562758, 0
891, 0.557603, 0
892, 0.552459, 0
893, 0.547327, 0
894, 0.542206, 0
895, 0.537097, 0
896, 0.531999, 0
897, 0.526913, 0
898, 0.521839, 0
899, 0.516777, 0
900, 0.511726, 0
901, 0.506688, 0
902, 0.501661, 0
903, 0.496647, 0
904, 0.491645, 0
905, 0.486656, 0
906, 0.481679, 0
907, 0.476714, 0
908, 0.471762, 0
909, 0.466822, 0
910, 0.461896, 0
911, 0.456982, 0
912, 0.452081, 0
913, 0.447192, 0
914, 0.442317, 0
915, 0.437455, 0
916, 0.432606, 0
917, 0.42777, 0
918, 0.422948, 0
919, 0.418139, 0
920, 0.413344, 0
921, 0.408562, 0
922, 0.403793, 0
923, 0.399038, 0
924, 0.394297, 0
925, 0.38957, 0
926, 0.384857, 0
927, 0.380157, 0
928, 0.375472, 0
929, 0.370801, 0
930, 0.366143, 0
931, 0.361501, 0
932, 0.356872, 0
933, 0.352258, 0
934, 0.347658, 0
935, 0.343072, 0
936, 0.338502, 0
937, 0.333945, 0
938, 0.329404, 0
939, 0.324877, 0
940, 0.320365, 0
941, 0.315868, 0
942, 0.311386, 0
943, 0.306919, 0
944, 0.302467, 0
945, 0.29803, 0
946, 0.293608, 0
947, 0.289202, 0
948, 0.284811, 0
949, 0.280435, 0
950, 0.276075, 0
951, 0.27173, 0
952, 0.267401, 0
953, 0.263087, 0
954, 0.258789, 0
955, 0.254507, 0
956, 0.250241, 0
957, 0.24599, 0
958, 0.241756, 0
959, 0.237537, 0
960, 0.233335, 0
961, 0.229148, 0
962, 0.224978, 0
963, 0.220824, 0
964, 0.216686, 0
965, 0.212564, 0
966, 0.208459, 0
967, 0.20437, 0
968, 0.200298, 0
969, 0.196242, 0
970, 0.192203, 0
971, 0.18818, 0
972, 0.184175, 0
973, 0.180185, 0
974, 0.176213, 0
975, 0.172257, 0
976, 0.168319, 0
977, 0.164397, 0
978, 0.160492, 0
979, 0.156605, 0
980, 0.152734, 0
981, 0.148881, 0
982, 0.145044, 0
983, 0.141225, 0
984, 0.137423, 0
985, 0.133639, 0
986, 0.129872, 0
987, 0.126122, 0
988, 0.12239, 0
989, 0.118675, 0
990, 0.114978, 0
991, 0.111298, 0
992, 0.107636, 0
993, 0.103992, 0
994, 0.100365, 0
995, 0.0967563, 0
996, 0.0931653, 0
997, 0.0895921, 0
998, 0.0860368, 0
999, 0.0824994, 0
1000, 0.07898, 0
1001, 0.0754786, 0
1002, 0.0719952, 0
1003, 0.0685299, 0
1004, 0.0650827, 0
1005, 0.0616537, 0
1006, 0.0582429, 0
1007, 0.0548503, 0
1008, 0.051476, 0
1009, 0.04812, 0
1010, 0.0447824, 0
1011, 0.0414631, 0
1012, 0.0381622, 0
1013, 0.0348798, 0
1014, 0.0316159, 0
1015, 0.0283704, 0
1016, 0.0251435, 0
1017, 0.0219352, 0
1018, 0.0187456, 0
1019, 0.0155745, 0
1020, 0.0124221, 0
1021, 0.00928846, 0
1022, 0.00617353, 0
1023, 0.00307737, 0
1024, 2.22045e-16, 0
1025, -0.00305854, 0
1026, -0.00609824, 0
1027, -0.00911904, 0
1028, -0.0121209, 0
1029, -0.0151039, 0
1030, -0.0180679, 0
1031, -0.0210129, 0
1032, -0.0239389, 0
1033, -0.0268459, 0
1034, -0.0297337, 0
1035, -0.0326025, 0
1036, -0.0354522, 0
1037, -0.0382828, 0
1038, -0.0410941, 0
1039, -0.0438863, 0
1040, -0.0466593, 0
1041, -0.0494131, 0
1042, -0.0521476, 0
1043, -0.0548628, 0
1044, -0.0575587, 0
1045, -0.0602354, 0
1046, -0.0628926, 0
1047, -0.0655306, 0
1048, -0.0681491, 0
1049, -0.0707483, 0
1050, -0.0733281, 0
1051, -0.0758884, 0
1052, -0.0784293, 0
1053, -0.0809508, 0
1054, -0.0834527, 0
1055, -0.0859352, 0
1056, -0.0883982, 0
1057, -0.0908416, 0
1058, -0.0932656, 0
1059, -0.0956699, 0
1060, -0.0980547, 0
1061, -0.10042, 0
1062, -0.102766, 0
1063, -0.105092, 0
1064, -0.107398, 0
1065, -0.109685, 0
1066, -0.111952, 0
1067, -0.1142, 0
1068, -0.116427, 0
1069, -0.118636, 0
1070, -0.120824, 0
1071, -0.122993, 0
1072, -0.125142, 0
1073, -0.127272, 0
1074, -0.129381, 0
1075, -0.131471, 0
1076, -0.133542, 0
1077, -0.135592, 0
1078, -0.137623, 0
1079, -0.139634, 0
1080, -0.141626, 0
1081, -0.143597, 0
1082, -0.145549, 0
1083, -0.147481, 0
1084, -0.149394, 0
1085, -0.151287, 0
1086, -0.153159, 0
1087, -0.155013, 0
1088, -0.156846, 0
1089, -0.15866, 0
1090, -0.160453, 0
1091, -0.162227, 0
1092, -0.163982, 0
1093, -0.165716, 0
1094, -0.167431, 0
1095, -0.169126, 0
1096, -0.170802, 0
1097, -0.172457, 0
1098, -0.174093, 0
1099, -0.175709, 0
1100, -0.177305, 0
1101, -0.178882, 0
1102, -0.180439, 0
1103, -0.181976, 0
1104, -0.183493, 0
1105, -0.184991, 0
1106, -0.186469, 0
1107, -0.187928, 0
1108, -0.189366, 0
1109, -0.190785, 0
1110, -0.192184, 0
1111, -0.193564, 0
1112, -0.194924, 0
1113, -0.196264, 0
1114, -0.197585, 0
1115, -0.198886, 0
1116, -0.200168, 0
1117, -0.201429, 0
1118, -0.202672, 0
1119, -0.203894, 0
1120, -0.205097, 0
1121, -0.206281, 0
1122, -0.207445, 0
1123, -0.20859, 0
1124, -0.209715, 0
1125, -0.21082, 0
1126, -0.211906, 0
1127, -0.212973, 0
1128, -0.21402, 0
1129, -0.215048, 0
1130, -0.216056, 0
1131, -0.217045, 0
1132, -0.218014, 0
1133, -0.218965, 0
1134, -0.219895, 0
1135, -0.220807, 0
1136, -0.221699, 0
1137, -0.222572, 0
1138, -0.223426, 0
1139, -0.22426, 0
1140, -0.225076, 0
1141, -0.225872, 0
1142, -0.226648, 0
1143, -0.227406, 0
1144, -0.228145, 0
1145, -0.228864, 0
1146, -0.229565, 0
1147, -0.230246, 0
1148, -0.230908, 0
1149, -0.231552, 0
1150, -0.232176, 0
1151, -0.232781, 0
1152, -0.233368, 0
1153, -0.233935, 0
1154, -0.234484, 0
1155, -0.235014, 0
1156, -0.235525, 0
1157, -0.236017, 0
1158, -0.23649, 0
1159, -0.236945, 0
1160, -0.237381, 0
1161, -0.237798, 0
1162, -0.238197, 0
1163, -0.238577, 0
1164, -0.238939, 0
1165, -0.239282, 0
1166, -0.239606, 0
1167, -0.239912, 0
1168, -0.240199, 0
1169, -0.240468, 0
1170, -0.240719, 0
1171, -0.240951, 0
1172, -0.241165, 0
1173, -0.241361, 0
1174, -0.241538, 0
1175, -0.241698, 0
1176, -0.241839, 0
1177, -0.241962, 0
1178, -0.242066, 0
1179, -0.242153, 0
1180, -0.242222, 0
1181, -0.242272, 0
1182, -0.242305, 0
1183, -0.24232, 0
1184, -0.242317, 0
1185, -0.242296, 0
1186, -0.242257, 0
1187, -0.2422, 0
1188, -0.242126, 0
1189, -0.242034, 0
1190, -0.241925, 0
1191, -0.241797, 0
1192, -0.241653, 0
1193, -0.24149, 0
1194, -0.24131, 0
1195, -0.241113, 0
1196, -0.240899, 0
1197, -0.240667, 0
1198, -0.240417, 0
1199, -0.240151, 0
1200, -0.239867, 0
1201, -0.239566, 0
1202, -0.239248, 0
1203, -0.238913, 0
1204, -0.238561, 0
1205, -0.238192, 0
1206, -0.237806, 0
1207, -0.237403, 0
1208, -0.236983, 0
1209, -0.236546, 0
1210, -0.236093, 0
1211, -0.235623, 0
1212, -0.235136, 0
1213, -0.234633, 0
1214, -0.234113, 0
1215, -0.233576, 0
1216, -0.233023, 0
1217, -0.232454, 0
1218, -0.231868, 0
1219, -0.231266, 0
1220, -0.230648, 0
1221, -0.230013, 0
1222, -0.229363, 0
1223, -0.228696, 0
1224, -0.228013, 0
1225, -0.227314, 0
1226, -0.2266, 0
1227, -0.225869, 0
1228, -0.225123, 0
1229, -0.22436, 0
1230, -0.223582, 0
1231, -0.222789, 0
1232, -0.221979, 0
1233, -0.221154, 0
1234, -0.220314, 0
1235, -0.219458, 0
1236, -0.218587, 0
1237, -0.2177, 0
1238, -0.216799, 0
1239, -0.215882, 0
1240, -0.214949, 0
1241, -0.214002, 0
1242, -0.213039, 0
1243, -0.212062, 0
1244, -0.21107, 0
1245, -0.210062, 0
1246, -0.20904, 0
1247, -0.208004, 0
1248, -0.206952, 0
1249, -0.205886, 0
1250, -0.204805, 0
1251, -0.20371, 0
1252, -0.2026, 0
1253, -0.201476, 0
1254, -0.200337, 0
1255, -0.199185, 0
1256, -0.198018, 0
1257, -0.196836, 0
1258, -0.195641, 0
1259, -0.194432, 0
1260, -0.193209, 0
1261, -0.191972, 0
1262, -0.190721, 0
1263, -0.189456, 0
1264, -0.188177, 0
1265, -0.186885, 0
1266, -0.18558, 0
1267, -0.184261, 0
1268, -0.182928, 0
1269, -0.181582, 0
1270, -0.180222, 0
1271, -0.17885, 0
1272, -0.177464, 0
1273, -0.176065, 0
1274, -0.174653, 0
1275, -0.173228, 0
1276, -0.17179, 0
1277, -0.170339, 0
1278, -0.168876, 0
1279, -0.1674, 0
1280, -0.165911, 0
1281, -0.164409, 0
1282, -0.162895, 0
1283, -0.161369, 0
1284, -0.15983, 0
1285, -0.158279, 0
1286, -0.156715, 0
1287, -0.15514, 0
1288, -0.153552, 0
1289, -0.151952, 0
1290, -0.15034, 0
1291, -0.148717, 0
1292, -0.147082, 0
1293, -0.145434, 0
1294, -0.143776, 0
1295, -0.142105, 0
1296, -0.140423, 0
1297, -0.13873, 0
1298, -0.137025, 0
1299, -0.135309, 0
1300, -0.133581, 0
1301, -0.131843, 0
1302, -0.130093, 0
1303, -0.128332, 0
1304, -0.126561, 0
1305, -0.124778, 0
1306, -0.122985, 0
1307, -0.12118, 0
1308, -0.119366, 0
1309, -0.11754, 0
1310, -0.115704, 0
1311, -0.113858, 0
1312, -0.112001, 0
1313, -0.110134, 0
1314, -0.108257, 0
1315, -0.10637, 0
1316, -0.104472, 0
1317, -0.102565, 0
1318, -0.100648, 0
1319, -0.0987203, 0
1320, -0.0967833, 0
1321, -0.0948367, 0
1322, -0.0928804, 0
1323, -0.0909146, 0
1324, -0.0889393, 0
1325, -0.0869547, 0
1326, -0.0849607, 0
1327, -0.0829575, 0
1328, -0.0809451, 0
1329, -0.0789237, 0
1330, -0.0768932, 0
1331, -0.0748539, 0
1332, -0.0728057, 0
1333, -0.0707487, 0
1334, -0.068683, 0
1335, -0.0666087, 0
1336, -0.0645259, 0
1337, -0.0624346, 0
1338, -0.060335, 0
1339, -0.058227, 0
1340, -0.0561108, 0
1341, -0.0539865, 0
1342, -0.0518541, 0
1343, -0.0497138, 0
1344, -0.0475655, 0
1345, -0.0454094, 0
1346, -0.0432455, 0
1347, -0.041074, 0
1348, -0.0388949, 0
1349, -0.0367083, 0
1350, -0.0345143, 0
1351, -0.0323129, 0
1352, -0.0301042, 0
1353, -0.0278884, 0
1354, -0.0256654, 0
1355, -0.0234354, 0
1356, -0.0211985, 0
1357, -0.0189547, 0
1358, -0.0167041, 0
1359, -0.0144468, 0
1360, -0.0121828, 0
1361, -0.00991238, 0
1362, -0.00763544, 0
1363, -0.00535212, 0
1364, -0.0030625, 0
1365, -0.00076665, 0
1366, 0.00153534, 0
1367, 0.00384338, 0
1368, 0.0061574, 0
1369, 0.00847732, 0
1370, 0.0108031, 0
1371, 0.0131345, 0
1372, 0.0154716, 0
1373, 0.0178143, 0
1374, 0.0201625, 0
1375, 0.0225161, 0
1376, 0.024875, 0
1377, 0.0272392, 0
1378, 0.0296085, 0
1379, 0.0319829, 0
1380, 0.0343623, 0
1381, 0.0367466, 0
1382, 0.0391357, 0
1383, 0.0415296, 0
1384, 0.0439282, 0
1385, 0.0463314, 0
1386, 0.048739, 0
1387, 0.0511511, 0
1388, 0.0535675, 0
1389, 0.0559882, 0
1390, 0.058413, 0
1391, 0.060842, 0
1392, 0.0632749, 0
1393, 0.0657118, 0
1394, 0.0681526, 0
1395, 0.0705971, 0
1396, 0.0730452, 0
1397, 0.075497, 0
1398, 0.0779523, 0
1399, 0.080411, 0
1400, 0.0828731, 0
1401, 0.0853384, 0
1402, 0.087807, 0
1403, 0.0902786, 0
1404, 0.0927532, 0
1405, 0.0952308, 0
1406, 0.0977113, 0
1407, 0.100194, 0
1408, 0.10268, 0
1409, 0.105169, 0
1410, 0.10766, 0
1411, 0.110153, 0
1412, 0.112649, 0
1413, 0.115147, 0
1414, 0.117648, 0
1415, 0.12015, 0
1416, 0.122655, 0
1417, 0.125161, 0
1418, 0.127669, 0
1419, 0.130179, 0
1420, 0.132691, 0
1421, 0.135204, 0
1422, 0.137719, 0
1423, 0.140236, 0
1424, 0.142754, 0
1425, 0.145273, 0
1426, 0.147793, 0
1427, 0.150314, 0
1428, 0.152837, 0
1429, 0.15536, 0
1430, 0.157884, 0
1431, 0.160409, 0
1432, 0.162935, 0
1433, 0.165461, 0
1434, 0.167988, 0
1435, 0.170516, 0
1436, 0.173044, 0
1437, 0.175572, 0
1438, 0.1781, 0
1439, 0.180628, 0
1440, 0.183157, 0
1441, 0.185686, 0
1442, 0.188214, 0
1443, 0.190742, 0
1444, 0.19327, 0
1445, 0.195798, 0
1446, 0.198325, 0
1447, 0.200852, 0
1448, 0.203378, 0
1449, 0.205904, 0
1450, 0.208428, 0
1451, 0.210952, 0
1452, 0.213475, 0
1453, 0.215997, 0
1454, 0.218518, 0
1455, 0.221038, 0
1456, 0.223556, 0
1457, 0.226074, 0
1458, 0.22859, 0
1459, 0.231104, 0
1460, 0.233617, 0
1461, 0.236128, 0
1462, 0.238638, 0
1463, 0.241145, 0
1464, 0.243651, 0
1465, 0.246155, 0
1466, 0.248657, 0
1467, 0.251157, 0
1468, 0.253655, 0
1469, 0.25615, 0
1470, 0.258643, 0
1471, 0.261134, 0
1472, 0.263622, 0
1473, 0.266107, 0
1474, 0.26859, 0
1475, 0.271071, 0
1476, 0.273548, 0
1477, 0.276023, 0
1478, 0.278494, 0
1479, 0.280963, 0
1480, 0.283428, 0
1481, 0.28589, 0
1482, 0.288349, 0
1483, 0.290805, 0
1484, 0.293257, 0
1485, 0.295706, 0
1486, 0.298151, 0
1487, 0.300592, 0
1488, 0.30303, 0
1489, 0.305464, 0
1490, 0.307894, 0
1491, 0.31032, 0
1492, 0.312742, 0
1493, 0.31516, 0
1494, 0.317574, 0
1495, 0.319983, 0
1496, 0.322389, 0
1497, 0.324789, 0
1498, 0.327186, 0
1499, 0.329578, 0
1500, 0.331965, 0
1501, 0.334347, 0
1502, 0.336725, 0
1503, 0.339098, 0
1504, 0.341466, 0
1505, 0.343829, 0
1506, 0.346187, 0
1507, 0.348539, 0
1508, 0.350887, 0
1509, 0.353229, 0
1510, 0.355566, 0
1511, 0.357897, 0
1512, 0.360223, 0
1513, 0.362544, 0
1514, 0.364858, 0
1515, 0.367167, 0
1516, 0.369471, 0
1517, 0.371768, 0
1518, 0.37406, 0
1519, 0.376345, 0
1520, 0.378624, 0
1521, 0.380898, 0
1522, 0.383165, 0
1523, 0.385426, 0
1524, 0.38768, 0
1525, 0.389928, 0
1526, 0.39217, 0
1527, 0.394405, 0
1528, 0.396633, 0
1529, 0.398855, 0
1530, 0.40107, 0
1531, 0.403278, 0
1532, 0.405479, 0
1533, 0.407673, 0
1534, 0.40986, 0
1535, 0.412041, 0
1536, 0.414214, 0
1537, 0.416379, 0
1538, 0.418538, 0
1539, 0.420689, 0
1540, 0.422833, 0
1541, 0.424969, 0
1542, 0.427097, 0
1543, 0.429218, 0
1544, 0.431332, 0
1545, 0.433437, 0
1546, 0.435535, 0
1547, 0.437625, 0
1548, 0.439707, 0
1549, 0.441781, 0
1550, 0.443847, 0
1551, 0.445904, 0
1552, 0.447954, 0
1553, 0.449995, 0
1554, 0.452028, 0
1555, 0.454053, 0
1556, 0.456069, 0
1557, 0.458077, 0
1558, 0.460076, 0
1559, 0.462066, 0
1560, 0.464048, 0
1561, 0.466021, 0
1562, 0.467985, 0
1563, 0.46994, 0
1564, 0.471887, 0
1565, 0.473824, 0
1566, 0.475752, 0
1567, 0.477672, 0
1568, 0.479582, 0
1569, 0.481483, 0
1570, 0.483374, 0
1571, 0.485256, 0
1572, 0.487129, 0
1573, 0.488993, 0
1574, 0.490847, 0
1575, 0.492691, 0
1576, 0.494526, 0
1577, 0.496351, 0
1578, 0.498166, 0
1579, 0.499971, 0
1580, 0.501767, 0
1581, 0.503553, 0
1582, 0.505328, 0
1583, 0.507094, 0
1584, 0.50885, 0
1585, 0.510595, 0
1586, 0.512331, 0
1587, 0.514056, 0
1588, 0.515771, 0
1589, 0.517476, 0
1590, 0.51917, 0
1591, 0.520853, 0
1592, 0.522527, 0
1593, 0.524189, 0
1594, 0.525842, 0
1595, 0.527483, 0
1596, 0.529114, 0
1597, 0.530734, 0
1598, 0.532343, 0
1599, 0.533942, 0
1600, 0.535529, 0
1601, 0.537106, 0
1602, 0.538672, 0
1603, 0.540226, 0
1604, 0.54177, 0
1605, 0.543302, 0
1606, 0.544823, 0
1607, 0.546333, 0
1608, 0.547832, 0
1609, 0.549319, 0
1610, 0.550795, 0
1611, 0.55226, 0
1612, 0.553713, 0
1613, 0.555155, 0
1614, 0.556585, 0
1615, 0.558003, 0
1616, 0.55941, 0
1617, 0.560805, 0
1618, 0.562189, 0
1619, 0.56356, 0
1620, 0.56492, 0
1621, 0.566268, 0
1622, 0.567605, 0
1623, 0.568929, 0
1624, 0.570241, 0
1625, 0.571541, 0
1626, 0.572829, 0
1627, 0.574106, 0
1628, 0.575369, 0
1629, 0.576621, 0
1630, 0.577861, 0
1631, 0.579088, 0
1632, 0.580303, 0
1633, 0.581506, 0
1634, 0.582696, 0
1635, 0.583874, 0
1636, 0.585039, 0
1637, 0.586192, 0
1638, 0.587333, 0
1639, 0.58846, 0
1640, 0.589576, 0
1641, 0.590678, 0
1642, 0.591768, 0
1643, 0.592846, 0
1644, 0.59391, 0
1645, 0.594962, 0
1646, 0.596001, 0
1647, 0.597027, 0
1648, 0.59804, 0
1649, 0.599041, 0
1650, 0.600028, 0
1651, 0.601002, 0
1652, 0.601964, 0
1653, 0.602912, 0
1654, 0.603848, 0
1655, 0.60477, 0
1656, 0.605679, 0
1657, 0.606575, 0
1658, 0.607458, 0
1659, 0.608327, 0
1660, 0.609184, 0
1661, 0.610027, 0
1662, 0.610856, 0
1663, 0.611673, 0
1664, 0.612476, 0
1665, 0.613266, 0
1666, 0.614042, 0
1667, 0.614805, 0
1668, 0.615554, 0
1669, 0.61629, 0
1670, 0.617013, 0
1671, 0.617721, 0
1672, 0.618417, 0
1673, 0.619098, 0
1674, 0.619766, 0
1675, 0.620421, 0
1676, 0.621062, 0
1677, 0.621689, 0
1678, 0.622302, 0
1679, 0.622902, 0
1680, 0.623488, 0
1681, 0.62406, 0
1682, 0.624618, 0
1683, 0.625163, 0
1684, 0.625694, 0
1685, 0.626211, 0
1686, 0.626714, 0
1687, 0.627203, 0
1688, 0.627678, 0
1689, 0.628139, 0
1690, 0.628587, 0
1691, 0.62902, 0
1692, 0.629439, 0
1693, 0.629845, 0
1694, 0.630236, 0
1695, 0.630614, 0
1696, 0.630977, 0
1697, 0.631326, 0
1698, 0.631661, 0
1699, 0.631982, 0
1700, 0.632289, 0
1701, 0.632582, 0
1702, 0.632861, 0
1703, 0.633126, 0
1704, 0.633376, 0
1705, 0.633612, 0
1706, 0.633834, 0
1707, 0.634042, 0
1708, 0.634236, 0
1709, 0.634415, 0
1710, 0.634581, 0
1711, 0.634732, 0
1712, 0.634868, 0
1713, 0.634991, 0
1714, 0.635099, 0
1715, 0.635193, 0
1716, 0.635273, 0
1717, 0.635338, 0
1718, 0.635389, 0
1719, 0.635426, 0
1720, 0.635448, 0
1721, 0.635456, 0
1722, 0.63545, 0
1723, 0.63543, 0
1724, 0.635395, 0
1725, 0.635346, 0
1726, 0.635282, 0
1727, 0.635204, 0
1728, 0.635112, 0
1729, 0.635005, 0
1730, 0.634884, 0
1731, 0.634749, 0
1732, 0.634599, 0
1733, 0.634435, 0
1734, 0.634257, 0
1735, 0.634064, 0
1736, 0.633857, 0
1737, 0.633635, 0
1738, 0.633399, 0
1739, 0.633149, 0
1740, 0.632884, 0
1741, 0.632605, 0
1742, 0.632311, 0
1743, 0.632004, 0
1744, 0.631681, 0
1745, 0.631345, 0
1746, 0.630994, 0
1747, 0.630629, 0
1748, 0.630249, 0
1749, 0.629855, 0
1750, 0.629447, 0
1751, 0.629024, 0
1752, 0.628587, 0
1753, 0.628136, 0
1754, 0.62767, 0
1755, 0.62719, 0
1756, 0.626696, 0
1757, 0.626187, 0
1758, 0.625665, 0
1759, 0.625127, 0
1760, 0.624576, 0
1761, 0.62401, 0
1762, 0.62343, 0
1763, 0.622836, 0
1764, 0.622227, 0
1765, 0.621605, 0
1766, 0.620968, 0
1767, 0.620317, 0
1768, 0.619651, 0
1769, 0.618972, 0
1770, 0.618278, 0
1771, 0.61757, 0
1772, 0.616848, 0
1773, 0.616112, 0
1774, 0.615361, 0
1775, 0.614597, 0
1776, 0.613818, 0
1777, 0.613026, 0
1778, 0.612219, 0
1779, 0.611398, 0
1780, 0.610563, 0
1781, 0.609715, 0
1782, 0.608852, 0
1783, 0.607975, 0
1784, 0.607084, 0
1785, 0.606179, 0
1786, 0.60526, 0
1787, 0.604328, 0
1788, 0.603381, 0
1789, 0.602421, 0
1790, 0.601446, 0
1791, 0.600458, 0
1792, 0.599456, 0
1793, 0.59844, 0
1794, 0.597411, 0
1795, 0.596367, 0
1796, 0.59531, 0
1797, 0.594239, 0
1798, 0.593155, 0
1799, 0.592057, 0
1800, 0.590945, 0
1801, 0.589819, 0
1802, 0.58868, 0
1803, 0.587527, 0
1804, 0.586361, 0
1805, 0.585181, 0
1806, 0.583988, 0
1807, 0.582781, 0
1808, 0.58156, 0
1809, 0.580327, 0
1810, 0.579079, 0
1811, 0.577819, 0
1812, 0.576545, 0
1813, 0.575258, 0
1814, 0.573957, 0
1815, 0.572643, 0
1816, 0.571316, 0
1817, 0.569976, 0
1818, 0.568622, 0
1819, 0.567255, 0
1820, 0.565875, 0
1821, 0.564482, 0
1822, 0.563076, 0
1823, 0.561657, 0
1824, 0.560225, 0
1825, 0.55878, 0
1826, 0.557322, 0
1827, 0.555851, 0
1828, 0.554367, 0
1829, 0.55287, 0
1830, 0.551361, 0
1831, 0.549839, 0
1832, 0.548303, 0
1833, 0.546756, 0
1834, 0.545195, 0
1835, 0.543622, 0
1836, 0.542036, 0
1837, 0.540438, 0
1838, 0.538827, 0
1839, 0.537203, 0
1840, 0.535567, 0
1841, 0.533919, 0
1842, 0.532258, 0
1843, 0.530585, 0
1844, 0.528899, 0
1845, 0.527202, 0
1846, 0.525491, 0
1847, 0.523769, 0
1848, 0.522035, 0
1849, 0.520288, 0
1850, 0.518529, 0
1851, 0.516759, 0
1852, 0.514976, 0
1853, 0.513181, 0
1854, 0.511374, 0
1855, 0.509555, 0
1856, 0.507725, 0
1857, 0.505883, 0
1858, 0.504028, 0
1859, 0.502163, 0
1860, 0.500285, 0
1861, 0.498396, 0
1862, 0.496495, 0
1863, 0.494582, 0
1864, 0.492658, 0
1865, 0.490723, 0
1866, 0.488776, 0
1867, 0.486818, 0
1868, 0.484848, 0
1869, 0.482867, 0
1870, 0.480875, 0
1871, 0.478872, 0
1872, 0.476857, 0
1873, 0.474831, 0
1874, 0.472795, 0
1875, 0.470747, 0
1876, 0.468688, 0
1877, 0.466618, 0
1878, 0.464538, 0
1879, 0.462446, 0
1880, 0.460344, 0
1881, 0.458231, 0
1882, 0.456107, 0
1883, 0.453973, 0
1884, 0.451828, 0
1885, 0.449672, 0
1886, 0.447506, 0
1887, 0.445329, 0
1888, 0.443142, 0
1889, 0.440945, 0
1890, 0.438738, 0
1891, 0.43652, 0
1892, 0.434292, 0
1893, 0.432053, 0
1894, 0.429805, 0
1895, 0.427547, 0
1896, 0.425278, 0
1897, 0.423, 0
1898, 0.420712, 0
1899, 0.418414, 0
1900, 0.416106, 0
1901, 0.413788, 0
1902, 0.411461, 0
1903, 0.409124, 0
1904, 0.406778, 0
1905, 0.404422, 0
1906, 0.402056, 0
1907, 0.399681, 0
1908, 0.397297, 0
1909, 0.394904, 0
1910, 0.392501, 0
1911, 0.390089, 0
1912, 0.387668, 0
1913, 0.385238, 0
1914, 0.382799, 0
1915, 0.38035, 0
1916, 0.377893, 0
1917, 0.375427, 0
1918, 0.372953, 0
1919, 0.370469, 0
1920, 0.367977, 0
1921, 0.365476, 0
1922, 0.362967, 0
1923, 0.360449, 0
1924, 0.357923, 0
1925, 0.355388, 0
1926, 0.352845, 0
1927, 0.350294, 0
1928, 0.347735, 0
1929, 0.345167, 0
1930, 0.342591, 0
1931, 0.340007, 0
1932, 0.337416, 0
1933, 0.334816, 0
1934, 0.332209, 0
1935, 0.329593, 0
1936, 0.32697, 0
1937, 0.32434, 0
1938, 0.321701, 0
1939, 0.319055, 0
1940, 0.316402, 0
1941, 0.313741, 0
1942, 0.311073, 0
1943, 0.308398, 0
1944, 0.305715, 0
1945, 0.303025, 0
1946, 0.300328, 0
1947, 0.297624, 0
1948, 0.294913, 0
1949, 0.292195, 0
1950, 0.289471, 0
1951, 0.286739, 0
1952, 0.284001, 0
1953, 0.281256, 0
1954, 0.278504, 0
1955, 0.275746, 0
1956, 0.272982, 0
1957, 0.270211, 0
1958, 0.267433, 0
1959, 0.26465, 0
1960, 0.26186, 0
1961, 0.259064, 0
1962, 0.256262, 0
1963, 0.253454, 0
1964, 0.25064, 0
1965, 0.24782, 0
1966, 0.244994, 0
1967, 0.242163, 0
1968, 0.239326, 0
1969, 0.236483, 0
1970, 0.233634, 0
1971, 0.230781, 0
1972, 0.227921, 0
1973, 0.225057, 0
1974, 0.222187, 0
1975, 0.219312, 0
1976, 0.216431, 0
1977, 0.213546, 0
1978, 0.210655, 0
1979, 0.20776, 0
1980, 0.20486, 0
1981, 0.201955, 0
1982, 0.199045, 0
1983, 0.196131, 0
1984, 0.193211, 0
1985, 0.190288, 0
1986, 0.18736, 0
1987, 0.184427, 0
1988, 0.18149, 0
1989, 0.178549, 0
1990, 0.175604, 0
1991, 0.172655, 0
1992, 0.169701, 0
1993, 0.166744, 0
1994, 0.163782, 0
1995, 0.160817, 0
1996, 0.157848, 0
1997, 0.154875, 0
1998, 0.151899, 0
1999, 0.148919, 0
2000, 0.145935, 0
2001, 0.142948, 0
2002, 0.139958, 0
2003, 0.136965, 0
2004, 0.133968, 0
2005, 0.130968, 0
2006, 0.127965, 0
2007, 0.124959, 0
2008, 0.12195, 0
2009, 0.118938, 0
2010, 0.115924, 0
2011, 0.112906, 0
2012, 0.109886, 0
2013, 0.106864, 0
2014, 0.103838, 0
2015, 0.100811, 0
2016, 0.097781, 0
2017, 0.0947488, 0
2018, 0.0917143, 0
2019, 0.0886777, 0
2020, 0.0856391, 0
2021, 0.0825984, 0
2022, 0.0795557, 0
2023, 0.0765112, 0
2024, 0.0734649, 0
2025, 0.0704168, 0
2026, 0.0673671, 0
2027, 0.0643158, 0
2028, 0.061263, 0
2029, 0.0582088, 0
2030, 0.0551532, 0
2031, 0.0520963, 0
2032, 0.0490381, 0
2033, 0.0459788, 0
2034, 0.0429185, 0
2035, 0.0398571, 0
2036, 0.0367948, 0
2037, 0.0337316, 0
2038, 0.0306676, 0
2039, 0.0276029, 0
2040, 0.0245375, 0
2041, 0.0214716, 0
2042, 0.0184052, 0
2043, 0.0153383, 0
2044, 0.0122711, 0
2045, 0.00920356, 0
2046, 0.00613583, 0
2047, 0.00306795, 0
2048, 2.44929e-16, 0
2049, -0.00306795, 0
2050, -0.00613583, 0
2051, -0.00920356, 0
2052, -0.0122711, 0
2053, -0.0153383, 0
2054, -0.0184052, 0
2055, -0.0214716, 0
2056, -0.0245375, 0
2057, -0.0276029, 0
2058, -0.0306676, 0
2059, -0.0337316, 0
2060, -0.0367948, 0
2061, -0.0398571, 0
2062, -0.0429185, 0
2063, -0.0459788, 0
2064, -0.0490381, 0
2065, -0.0520963, 0
2066, -0.0551532, 0
2067, -0.0582088, 0
2068, -0.061263, 0
2069, -0.0643158, 0
2070, -0.0673671, 0
2071, -0.0704168, 0
2072, -0.0734649, 0
2073, -0.0765112, 0
2074, -0.0795557, 0
2075, -0.0825984, 0
2076, -0.0856391, 0
2077, -0.0886777, 0
2078, -0.0917143, 0
2079, -0.0947488, 0
2080, -0.097781, 0
2081, -0.100811, 0
2082, -0.103838, 0
2083, -0.106864, 0
2084, -0.109886, 0
2085, -0.112906, 0
2086, -0.115924, 0
2087, -0.118938, 0
2088, -0.12195, 0
2089, -0.124959, 0
2090, -0.127965, 0
2091, -0.130968, 0
2092, -0.133968, 0
2093, -0.136965, 0
2094, -0.139958, 0
2095, -0.142948, 0
2096, -0.145935, 0
2097, -0.148919, 0
2098, -0.151899, 0
2099, -0.154875, 0
2100, -0.157848, 0
2101, -0.160817, 0
2102, -0.163782, 0
2103, -0.166744, 0
2104, -0.169701, 0
2105, -0.172655, 0
2106, -0.175604, 0
2107, -0.178549, 0
2108, -0.18149, 0
2109, -0.184427, 0
2110, -0.18736, 0
2111, -0.190288, 0
2112, -0.193211, 0
2113, -0.196131, 0
2114, -0.199045, 0
2115, -0.201955, 0
2116, -0.20486, 0
2117, -0.20776, 0
2118, -0.210655, 0
2119, -0.213546, 0
2120, -0.216431, 0
2121, -0.219312, 0
2122, -0.222187, 0
2123, -0.225057, 0
2124, -0.227921, 0
2125, -0.230781, 0
2126, -0.233634, 0
2127, -0.236483, 0
2128, -0.239326, 0
2129, -0.242163, 0
2130, -0.244994, 0
2131, -0.24782, 0
2132, -0.25064, 0
2133, -0.253454, 0
2134, -0.256262, 0
2135, -0.259064, 0
2136, -0.26186, 0
2137, -0.26465, 0
2138, -0.267433, 0
2139, -0.270211, 0
2140, -0.272982, 0
2141, -0.275746, 0
2142, -0.278504, 0
2143, -0.281256, 0
2144, -0.284001, 0
2145, -0.286739, 0
2146, -0.289471, 0
2147, -0.292195, 0
2148, -0.294913, 0
2149, -0.297624, 0
2150, -0.300328, 0
2151, -0.303025, 0
2152, -0.305715, 0
2153, -0.308398, 0
2154, -0.311073, 0
2155, -0.313741, 0
2156, -0.316402, 0
2157, -0.319055, 0
2158, -0.321701, 0
2159, -0.32434, 0
2160, -0.32697, 0
2161, -0.329593, 0
2162, -0.332209, 0
2163, -0.334816, 0
2164, -0.337416, 0
2165, -0.340007, 0
2166, -0.342591, 0
2167, -0.345167, 0
2168, -0.347735, 0
2169, -0.350294, 0
2170, -0.352845, 0
2171, -0.355388, 0
2172, -0.357923, 0
2173, -0.360449, 0
2174, -0.362967, 0
2175, -0.365476, 0
2176, -0.367977, 0
2177, -0.370469, 0
2178, -0.372953, 0
2179, -0.375427, 0
2180, -0.377893, 0
2181, -0.38035, 0
2182, -0.382799, 0
2183, -0.385238, 0
2184, -0.387668, 0
2185, -0.390089, 0
2186, -0.392501, 0
2187, -0.394904, 0
2188, -0.397297, 0
2189, -0.399681, 0
2190, -0.402056, 0
2191, -0.404422, 0
2192, -0.406778, 0
2193, -0.409124, 0
2194, -0.411461, 0
2195, -0.413788, 0
2196, -0.416106, 0
2197, -0.418414, 0
2198, -0.420712, 0
2199, -0.423, 0
2200, -0.425278, 0
2201, -0.427547, 0
2202, -0.429805, 0
2203, -0.432053, 0
2204, -0.434292, 0
2205, -0.43652, 0
2206, -0.438738, 0
2207, -0.440945, 0
2208, -0.443142, 0
2209, -0.445329, 0
2210, -0.447506, 0
2211, -0.449672, 0
2212, -0.451828, 0
2213, -0.453973, 0
2214, -0.456107, 0
2215, -0.458231, 0
2216, -0.460344, 0
2217, -0.462446, 0
2218, -0.464538, 0
2219, -0.466618, 0
2220, -0.468688, 0
2221, -0.470747, 0
2222, -0.472795, 0
2223, -0.474831, 0
2224, -0.476857, 0
2225, -0.478872, 0
2226, -0.480875, 0
2227, -0.482867, 0
2228, -0.484848, 0
2229, -0.486818, 0
2230, -0.488776, 0
2231, -0.490723, 0
2232, -0.492658, 0
2233, -0.494582, 0
2234, -0.496495, 0
2235, -0.498396, 0
2236, -0.500285, 0
2237, -0.502163, 0
2238, -0.504028, 0
2239, -0.505883, 0
2240, -0.507725, 0
2241, -0.509555, 0
2242, -0.511374, 0
2243, -0.513181, 0
2244, -0.514976, 0
2245, -0.516759, 0
2246, -0.518529, 0
2247, -0.520288, 0
2248, -0.522035, 0
2249, -0.523769, 0
2250, -0.525491, 0
2251, -0.527202, 0
2252, -0.528899, 0
2253, -0.530585, 0
2254, -0.532258, 0
2255, -0.533919, 0
2256, -0.535567, 0
2257, -0.537203, 0
2258, -0.538827, 0
2259, -0.540438, 0
2260, -0.542036, 0
2261, -0.543622, 0
2262, -0.545195, 0
2263, -0.546756, 0
2264, -0.548303, 0
2265, -0.549839, 0
2266, -0.551361, 0
2267, -0.55287, 0
2268, -0.554367, 0
2269, -0.555851, 0
2270, -0.557322, 0
2271, -0.55878, 0
2272, -0.560225, 0
2273, -0.561657, 0
2274, -0.563076, 0
2275, -0.564482, 0
2276, -0.565875, 0
2277, -0.567255, 0
2278, -0.568622, 0
2279, -0.569976, 0
2280, -0.571316, 0
2281, -0.572643, 0
2282, -0.573957, 0
2283, -0.575258, 0
2284, -0.576545, 0
2285, -0.577819, 0
2286, -0.579079, 0
2287, -0.580327, 0
2288, -0.58156, 0
2289, -0.582781, 0
2290, -0.583988, 0
2291, -0.585181, 0
2292, -0.586361, 0
2293, -0.587527, 0
2294, -0.58868, 0
2295, -0.589819, 0
2296, -0.590945, 0
2297, -0.592057, 0
2298, -0.593155, 0
2299, -0.594239, 0
2300, -0.59531, 0
2301, -0.596367, 0
2302, -0.597411, 0
2303, -0.59844, 0
2304, -0.599456, 0
2305, -0.600458, 0
2306, -0.601446, 0
2307, -0.602421, 0
2308, -0.603381, 0
2309, -0.604328, 0
2310, -0.60526, 0
2311, -0.606179, 0
2312, -0.607084, 0
2313, -0.607975, 0
2314, -0.608852, 0
2315, -0.609715, 0
2316, -0.610563, 0
2317, -0.611398, 0
2318, -0.612219, 0
2319, -0.613026, 0
2320, -0.613818, 0
2321, -0.614597, 0
2322, -0.615361, 0
2323, -0.616112, 0
2324, -0.616848, 0
2325, -0.61757, 0
2326, -0.618278, 0
2327, -0.618972, 0
2328, -0.619651, 0
2329, -0.620317, 0
2330, -0.620968, 0
2331, -0.621605, 0
2332, -0.622227, 0
2333, -0.622836, 0
2334, -0.62343, 0
2335, -0.62401, 0
2336, -0.624576, 0
2337, -0.625127, 0
2338, -0.625665, 0
2339, -0.626187, 0
2340, -0.626696, 0
2341, -0.62719, 0
2342, -0.62767, 0
2343, -0.628136, 0
2344, -0.628587, 0
2345, -0.629024, 0
2346, -0.629447, 0
2347, -0.629855, 0
2348, -0.630249, 0
2349, -0.630629, 0
2350, -0.630994, 0
2351, -0.631345, 0
2352, -0.631681, 0
2353, -0.632004, 0
2354, -0.632311, 0
2355, -0.632605, 0
2356, -0.632884, 0
2357, -0.633149, 0
2358, -0.633399, 0
2359, -0.633635, 0
2360, -0.633857, 0
2361, -0.634064, 0
2362, -0.634257, 0
2363, -0.634435, 0
2364, -0.634599, 0
2365, -0.634749, 0
2366, -0.634884, 0
2367, -0.635005, 0
2368, -0.635112, 0
2369, -0.635204, 0
2370, -0.635282, 0
2371, -0.635346, 0
2372, -0.635395, 0
2373, -0.63543, 0
2374, -0.63545, 0
2375, -0.635456, 0
2376, -0.635448, 0
2377, -0.635426, 0
2378, -0.635389, 0
2379, -0.635338, 0
2380, -0.635273, 0
2381, -0.635193, 0
2382, -0.635099, 0
2383, -0.634991, 0
2384, -0.634868, 0
2385, -0.634732, 0
2386, -0.634581, 0
2387, -0.634415, 0
2388, -0.634236, 0
2389, -0.634042, 0
2390, -0.633834, 0
2391, -0.633612, 0
2392, -0.633376, 0
2393, -0.633126, 0
2394, -0.632861, 0
2395, -0.632582, 0
2396, -0.632289, 0
2397, -0.631982, 0
2398, -0.631661, 0
2399, -0.631326, 0
2400, -0.630977, 0
2401, -0.630614, 0
2402, -0.630236, 0
2403, -0.629845, 0
2404, -0.629439, 0
2405, -0.62902, 0
2406, -0.628587, 0
2407, -0.628139, 0
2408, -0.627678, 0
2409, -0.627203, 0
2410, -0.626714, 0
2411, -0.626211, 0
2412, -0.625694, 0
2413, -0.625163, 0
2414, -0.624618, 0
2415, -0.62406, 0
2416, -0.623488, 0
2417, -0.622902, 0
2418, -0.622302, 0
2419, -0.621689, 0
2420, -0.621062, 0
2421, -0.620421, 0
2422, -0.619766, 0
2423, -0.619098, 0
2424, -0.618417, 0
2425, -0.617721, 0
2426, -0.617013, 0
2427, -0.61629, 0
2428, -0.615554, 0
2429, -0.614805, 0
2430, -0.614042, 0
2431, -0.613266, 0
2432, -0.612476, 0
2433, -0.611673, 0
2434, -0.610856, 0
2435, -0.610027, 0
2436, -0.609184, 0
2437, -0.608327, 0
2438, -0.607458, 0
2439, -0.606575, 0
2440, -0.605679, 0
2441, -0.60477, 0
2442, -0.603848, 0
2443, -0.602912, 0
2444, -0.601964, 0
2445, -0.601002, 0
2446, -0.600028, 0
2447, -0.599041, 0
2448, -0.59804, 0
2449, -0.597027, 0
2450, -0.596001, 0
2451, -0.594962, 0
2452, -0.59391, 0
2453, -0.592846, 0
2454, -0.591768, 0
2455, -0.590678, 0
2456, -0.589576, 0
2457, -0.58846, 0
2458, -0.587333, 0
2459, -0.586192, 0
2460, -0.585039, 0
2461, -0.583874, 0
2462, -0.582696, 0
2463, -0.581506, 0
2464, -0.580303, 0
2465, -0.579088, 0
2466, -0.577861, 0
2467, -0.576621, 0
2468, -0.575369, 0
2469, -0.574106, 0
2470, -0.572829, 0
2471, -0.571541, 0
2472, -0.570241, 0
2473, -0.568929, 0
2474, -0.567605, 0
2475, -0.566268, 0
2476, -0.56492, 0
2477, -0.56356, 0
2478, -0.562189, 0
2479, -0.560805, 0
2480, -0.55941, 0
2481, -0.558003, 0
2482, -0.556585, 0
2483, -0.555155, 0
2484, -0.553713, 0
2485, -0.55226, 0
2486, -0.550795, 0
2487, -0.549319, 0
2488, -0.547832, 0
2489, -0.546333, 0
2490, -0.544823, 0
2491, -0.543302, 0
2492, -0.54177, 0
2493, -0.540226, 0
2494, -0.538672, 0
2495, -0.537106, 0
2496, -0.535529, 0
2497, -0.533942, 0
2498, -0.532343, 0
2499, -0.530734, 0
2500, -0.529114, 0
2501, -0.527483, 0
2502, -0.525842, 0
2503, -0.524189, 0
2504, -0.522527, 0
2505, -0.520853, 0
2506, -0.51917, 0
2507, -0.517476, 0
2508, -0.515771, 0
2509, -0.514056, 0
2510, -0.512331, 0
2511, -0.510595, 0
2512, -0.50885, 0
2513, -0.507094, 0
2514, -0.505328, 0
2515, -0.503553, 0
2516, -0.501767, 0
2517, -0.499971, 0
2518, -0.498166, 0
2519, -0.496351, 0
2520, -0.494526, 0
2521, -0.492691, 0
2522, -0.490847, 0
2523, -0.488993, 0
2524, -0.487129, 0
2525, -0.485256, 0
2526, -0.483374, 0
2527, -0.481483, 0
2528, -0.479582, 0
2529, -0.477672, 0
2530, -0.475752, 0
2531, -0.473824, 0
2532, -0.471887, 0
2533, -0.46994, 0
2534, -0.467985, 0
2535, -0.466021, 0
2536, -0.464048, 0
2537, -0.462066, 0
2538, -0.460076, 0
2539, -0.458077, 0
2540, -0.456069, 0
2541, -0.454053, 0
2542, -0.452028, 0
2543, -0.449995, 0
2544, -0.447954, 0
2545, -0.445904, 0
2546, -0.443847, 0
2547, -0.441781, 0
2548, -0.439707, 0
2549, -0.437625, 0
2550, -0.435535, 0
2551, -0.433437, 0
2552, -0.431332, 0
2553, -0.429218, 0
2554, -0.427097, 0
2555, -0.424969, 0
2556, -0.422833, 0
2557, -0.420689, 0
2558, -0.418538, 0
2559, -0.416379, 0
2560, -0.414214, 0
2561, -0.412041, 0
2562, -0.40986, 0
2563, -0.407673, 0
2564, -0.405479, 0
2565, -0.403278, 0
2566, -0.40107, 0
2567, -0.398855, 0
2568, -0.396633, 0
2569, -0.394405, 0
2570, -0.39217, 0
2571, -0.389928, 0
2572, -0.38768, 0
2573, -0.385426, 0
2574, -0.383165, 0
2575, -0.380898, 0
2576, -0.378624, 0
2577, -0.376345, 0
2578, -0.37406, 0
2579, -0.371768, 0
2580, -0.369471, 0
2581, -0.367167, 0
2582, -0.364858, 0
2583, -0.362544, 0
2584, -0.360223, 0
2585, -0.357897, 0
2586, -0.355566, 0
2587, -0.353229, 0
2588, -0.350887, 0
2589, -0.348539, 0
2590, -0.346187, 0
2591, -0.343829, 0
2592, -0.341466, 0
2593, -0.339098, 0
2594, -0.336725, 0
2595, -0.334347, 0
2596, -0.331965, 0
2597, -0.329578, 0
2598, -0.327186, 0
2599, -0.324789, 0
2600, -0.322389, 0
2601, -0.319983, 0
2602, -0.317574, 0
2603, -0.31516, 0
2604, -0.312742, 0
2605, -0.31032, 0
2606, -0.307894, 0
2607, -0.305464, 0
2608, -0.30303, 0
2609, -0.300592, 0
2610, -0.298151, 0
2611, -0.295706, 0
2612, -0.293257, 0
2613, -0.290805, 0
2614, -0.288349, 0
2615, -0.28589, 0
2616, -0.283428, 0
2617, -0.280963, 0
2618, -0.278494, 0
2619, -0.276023, 0
2620, -0.273548, 0
2621, -0.271071, 0
2622, -0.26859, 0
2623, -0.266107, 0
2624, -0.263622, 0
2625, -0.261134, 0
2626, -0.258643, 0
2627, -0.25615, 0
2628, -0.253655, 0
2629, -0.251157, 0
2630, -0.248657, 0
2631, -0.246155, 0
2632, -0.243651, 0
2633, -0.241145, 0
2634, -0.238638, 0
2635, -0.236128, 0
2636, -0.233617, 0
2637, -0.231104, 0
2638, -0.22859, 0
2639, -0.226074, 0
2640, -0.223556, 0
2641, -0.221038, 0
2642, -0.218518, 0
2643, -0.215997, 0
2644, -0.213475, 0
2645, -0.210952, 0
2646, -0.208428, 0
2647, -0.205904, 0
2648, -0.203378, 0
2649, -0.200852, 0
2650, -0.198325, 0
2651, -0.195798, 0
2652, -0.19327, 0
2653, -0.190742, 0
2654, -0.188214, 0
2655, -0.185686, 0
2656, -0.183157, 0
2657, -0.180628, 0
2658, -0.1781, 0
2659, -0.175572, 0
2660, -0.173044, 0
2661, -0.170516, 0
2662, -0.167988, 0
2663, -0.165461, 0
2664, -0.162935, 0
2665, -0.160409, 0
2666, -0.157884, 0
2667, -0.15536, 0
2668, -0.152837, 0
2669, -0.150314, 0
2670, -0.147793, 0
2671, -0.145273, 0
2672, -0.142754, 0
2673, -0.140236, 0
2674, -0.137719, 0
2675, -0.135204, 0
2676, -0.132691, 0
2677, -0.130179, 0
2678, -0.127669, 0
2679, -0.125161, 0
2680, -0.122655, 0
2681, -0.12015, 0
2682, -0.117648, 0
2683, -0.115147, 0
2684, -0.112649, 0
2685, -0.110153, 0
2686, -0.10766, 0
2687, -0.105169, 0
2688, -0.10268, 0
2689, -0.100194, 0
2690, -0.0977113, 0
2691, -0.0952308, 0
2692, -0.0927532, 0
2693, -0.0902786, 0
2694, -0.087807, 0
2695, -0.0853384, 0
2696, -0.0828731, 0
2697, -0.080411, 0
2698, -0.0779523, 0
2699, -0.075497, 0
2700, -0.0730452, 0
2701, -0.0705971, 0
2702, -0.0681526, 0
2703, -0.0657118, 0
2704, -0.0632749, 0
2705, -0.060842, 0
2706, -0.058413, 0
2707, -0.0559882, 0
2708, -0.0535675, 0
2709, -0.0511511, 0
2710, -0.048739, 0
2711, -0.0463314, 0
2712, -0.0439282, 0
2713, -0.0415296, 0
2714, -0.0391357, 0
2715, -0.0367466, 0
2716, -0.0343623, 0
2717, -0.0319829, 0
2718, -0.0296085, 0
2719, -0.0272392, 0
2720, -0.024875, 0
2721, -0.0225161, 0
2722, -0.0201625, 0
2723, -0.0178143, 0
2724, -0.0154716, 0
2725, -0.0131345, 0
2726, -0.0108031, 0
2727, -0.00847732, 0
2728, -0.0061574, 0
2729, -0.00384338, 0
2730, -0.00153534, 0
2731, 0.00076665, 0
2732, 0.0030625, 0
2733, 0.00535212, 0
2734, 0.00763544, 0
2735, 0.00991238, 0
2736, 0.0121828, 0
2737, 0.0144468, 0
2738, 0.0167041, 0
2739, 0.0189547, 0
2740, 0.0211985, 0
2741, 0.0234354, 0
2742, 0.0256654, 0
2743, 0.0278884, 0
2744, 0.0301042, 0
2745, 0.0323129, 0
2746, 0.0345143, 0
2747, 0.0367083, 0
2748, 0.0388949, 0
2749, 0.041074, 0
2750, 0.0432455, 0
2751, 0.0454094, 0
2752, 0.0475655, 0
2753, 0.0497138, 0
2754, 0.0518541, 0
2755, 0.0539865, 0
2756, 0.0561108, 0
2757, 0.058227, 0
2758, 0.060335, 0
2759, 0.0624346, 0
2760, 0.0645259, 0
2761, 0.0666087, 0
2762, 0.068683, 0
2763, 0.0707487, 0
2764, 0.0728057, 0
2765, 0.0748539, 0
2766, 0.0768932, 0
2767, 0.0789237, 0
2768, 0.0809451, 0
2769, 0.0829575, 0
2770, 0.0849607, 0
2771, 0.0869547, 0
2772, 0.0889393, 0
2773, 0.0909146, 0
2774, 0.0928804, 0
2775, 0.0948367, 0
2776, 0.0967833, 0
2777, 0.0987203, 0
2778, 0.100648, 0
2779, 0.102565, 0
2780, 0.104472, 0
2781, 0.10637, 0
2782, 0.108257, 0
2783, 0.110134, 0
2784, 0.112001, 0
2785, 0.113858, 0
2786, 0.115704, 0
2787, 0.11754, 0
2788, 0.119366, 0
2789, 0.12118, 0
2790, 0.122985, 0
2791, 0.124778, 0
2792, 0.126561, 0
2793, 0.128332, 0
2794, 0.130093, 0
2795, 0.131843, 0
2796, 0.133581, 0
2797, 0.135309, 0
2798, 0.137025, 0
2799, 0.13873, 0
2800, 0.140423, 0
2801, 0.142105, 0
2802, 0.143776, 0
2803, 0.145434, 0
2804, 0.147082, 0
2805, 0.148717, 0
2806, 0.15034, 0
2807, 0.151952, 0
2808, 0.153552, 0
2809, 0.15514, 0
2810, 0.156715, 0
2811, 0.158279, 0
2812, 0.15983, 0
2813, 0.161369, 0
2814, 0.162895, 0
2815, 0.164409, 0
2816, 0.165911, 0
2817, 0.1674, 0
2818, 0.168876, 0
2819, 0.170339, 0
2820, 0.17179, 0
2821, 0.173228, 0
2822, 0.174653, 0
2823, 0.176065, 0
2824, 0.177464, 0
2825, 0.17885, 0
2826, 0.180222, 0
2827, 0.181582, 0
2828, 0.182928, 0
2829, 0.184261, 0
2830, 0.18558, 0
2831, 0.186885, 0
2832, 0.188177, 0
2833, 0.189456, 0
2834, 0.190721, 0
2835, 0.191972, 0
2836, 0.193209, 0
2837, 0.194432, 0
2838, 0.195641, 0
2839, 0.196836, 0
2840, 0.198018, 0
2841, 0.199185, 0
2842, 0.200337, 0
2843, 0.201476, 0
2844, 0.2026, 0
2845, 0.20371, 0
2846, 0.204805, 0
2847, 0.205886, 0
2848, 0.206952, 0
2849, 0.208004, 0
2850, 0.20904, 0
2851, 0.210062, 0
2852, 0.21107, 0
2853, 0.212062, 0
2854, 0.213039, 0
2855, 0.214002, 0
2856, 0.214949, 0
2857, 0.215882, 0
2858, 0.216799, 0
2859, 0.2177, 0
2860, 0.218587, 0
2861, 0.219458, 0
2862, 0.220314, 0
2863, 0.221154, 0
2864, 0.221979, 0
2865, 0.222789, 0
2866, 0.223582, 0
2867, 0.22436, 0
2868, 0.225123, 0
2869, 0.225869, 0
2870, 0.2266, 0
2871, 0.227314, 0
2872, 0.228013, 0
2873, 0.228696, 0
2874, 0.229363, 0
2875, 0.230013, 0
2876, 0.230648, 0
2877, 0.231266, 0
2878, 0.231868, 0
2879, 0.232454, 0
2880, 0.233023, 0
2881, 0.233576, 0
2882, 0.234113, 0
2883, 0.234633, 0
2884, 0.235136, 0
2885, 0.235623, 0
2886, 0.236093, 0
2887, 0.236546, 0
2888, 0.236983, 0
2889, 0.237403, 0
2890, 0.237806, 0
2891, 0.238192, 0
2892, 0.238561, 0
2893, 0.238913, 0
2894, 0.239248, 0
2895, 0.239566, 0
2896, 0.239867, 0
2897, 0.240151, 0
2898, 0.240417, 0
2899, 0.240667, 0
2900, 0.240899, 0
2901, 0.241113, 0
2902, 0.24131, 0
2903, 0.24149, 0
2904, 0.241653, 0
2905, 0.241797, 0
2906, 0.241925, 0
2907, 0.242034, 0
2908, 0.242126, 0
2909, 0.2422, 0
2910, 0.242257, 0
2911, 0.242296, 0
2912, 0.242317, 0
2913, 0.24232, 0
2914, 0.242305, 0
2915, 0.242272, 0
2916, 0.242222, 0
2917, 0.242153, 0
2918, 0.242066, 0
2919, 0.241962, 0
2920, 0.241839, 0
2921, 0.241698, 0
2922, 0.241538, 0
2923, 0.241361, 0
2924, 0.241165, 0
2925, 0.240951, 0
2926, 0.240719, 0
2927, 0.240468, 0
2928, 0.240199, 0
2929, 0.239912, 0
2930, 0.239606, 0
2931, 0.239282, 0
2932, 0.238939, 0
2933, 0.238577, 0
2934, 0.238197, 0
2935, 0.237798, 0
2936, 0.237381, 0
2937, 0.236945, 0
2938, 0.23649, 0
2939, 0.236017, 0
2940, 0.235525, 0
2941, 0.235014, 0
2942, 0.234484, 0
2943, 0.233935, 0
2944, 0.233368, 0
2945, 0.232781, 0
2946, 0.232176, 0
2947, 0.231552, 0
2948, 0.230908, 0
2949, 0.230246, 0
2950, 0.229565, 0
2951, 0.228864, 0
2952, 0.228145, 0
2953, 0.227406, 0
2954, 0.226648, 0
2955, 0.225872, 0
2956, 0.225076, 0
2957, 0.22426, 0
2958, 0.223426, 0
2959, 0.222572, 0
2960, 0.221699, 0
2961, 0.220807, 0
2962, 0.219895, 0
2963, 0.218965, 0
2964, 0.218014, 0
2965, 0.217045, 0
2966, 0.216056, 0
2967, 0.215048, 0
2968, 0.21402, 0
2969, 0.212973, 0
2970, 0.211906, 0
2971, 0.21082, 0
2972, 0.209715, 0
2973, 0.20859, 0
2974, 0.207445, 0
2975, 0.206281, 0
2976, 0.205097, 0
2977, 0.203894, 0
2978, 0.202672, 0
2979, 0.201429, 0
2980, 0.200168, 0
2981, 0.198886, 0
2982, 0.197585, 0
2983, 0.196264, 0
2984, 0.194924, 0
2985, 0.193564, 0
2986, 0.192184, 0
2987, 0.190785, 0
2988, 0.189366, 0
2989, 0.187928, 0
2990, 0.186469, 0
2991, 0.184991, 0
2992, 0.183493, 0
2993, 0.181976, 0
2994, 0.180439, 0
2995, 0.178882, 0
2996, 0.177305, 0
2997, 0.175709, 0
2998, 0.174093, 0
2999, 0.172457, 0
3000, 0.170802, 0
3001, 0.169126, 0
3002, 0.167431, 0
3003, 0.165716, 0
3004, 0.163982, 0
3005, 0.162227, 0
3006, 0.160453, 0
3007, 0.15866, 0
3008, 0.156846, 0
3009, 0.155013, 0
3010, 0.153159, 0
3011, 0.151287, 0
3012, 0.149394, 0
3013, 0.147481, 0
3014, 0.145549, 0
3015, 0.143597, 0
3016, 0.141626, 0
3017, 0.139634, 0
3018, 0.137623, 0
3019, 0.135592, 0
3020, 0.133542, 0
3021, 0.131471, 0
3022, 0.129381, 0
3023, 0.127272, 0
3024, 0.125142, 0
3025, 0.122993, 0
3026, 0.120824, 0
3027, 0.118636, 0
3028, 0.116427, 0
3029, 0.1142, 0
3030, 0.111952, 0
3031, 0.109685, 0
3032, 0.107398, 0
3033, 0.105092, 0
3034, 0.102766, 0
3035, 0.10042, 0
3036, 0.0980547, 0
3037, 0.0956699, 0
3038, 0.0932656, 0
3039, 0.0908416, 0
3040, 0.0883982, 0
3041, 0.0859352, 0
3042, 0.0834527, 0
3043, 0.0809508, 0
3044, 0.0784293, 0
3045, 0.0758884, 0
3046, 0.0733281, 0
3047, 0.0707483, 0
3048, 0.0681491, 0
3049, 0.0655306, 0
3050, 0.0628926, 0
3051, 0.0602354, 0
3052, 0.0575587, 0
3053, 0.0548628, 0
3054, 0.0521476, 0
3055, 0.0494131, 0
3056, 0.0466593, 0
3057, 0.0438863, 0
3058, 0.0410941, 0
3059, 0.0382828, 0
3060, 0.0354522, 0
3061, 0.0326025, 0
3062, 0.0297337, 0
3063, 0.0268459, 0
3064, 0.0239389, 0
3065, 0.0210129, 0
3066, 0.0180679, 0
3067, 0.0151039, 0
3068, 0.0121209, 0
3069, 0.00911904, 0
3070, 0.00609824, 0
3071, 0.00305854, 0
3072, 3.33067e-16, 0
3073, -0.00307737, 0
3074, -0.00617353, 0
3075, -0.00928846, 0
3076, -0.0124221, 0
3077, -0.0155745, 0
3078, -0.0187456, 0
3079, -0.0219352, 0
3080, -0.0251435, 0
3081, -0.0283704, 0
3082, -0.0316159, 0
3083, -0.0348798, 0
3084, -0.0381622, 0
3085, -0.0414631, 0
3086, -0.0447824, 0
3087, -0.04812, 0
3088, -0.051476, 0
3089, -0.0548503, 0
3090, -0.0582429, 0
3091, -0.0616537, 0
3092, -0.0650827, 0
3093, -0.0685299, 0
3094, -0.0719952, 0
3095, -0.0754786, 0
3096, -0.07898, 0
3097, -0.0824994, 0
3098, -0.0860368, 0
3099, -0.0895921, 0
3100, -0.0931653, 0
3101, -0.0967563, 0
3102, -0.100365, 0
3103, -0.103992, 0
3104, -0.107636, 0
3105, -0.111298, 0
3106, -0.114978, 0
3107, -0.118675, 0
3108, -0.12239, 0
3109, -0.126122, 0
3110, -0.129872, 0
3111, -0.133639, 0
3112, -0.137423, 0
3113, -0.141225, 0
3114, -0.145044, 0
3115, -0.148881, 0
3116, -0.152734, 0
3117, -0.156605, 0
3118, -0.160492, 0
3119, -0.164397, 0
3120, -0.168319, 0
3121, -0.172257, 0
3122, -0.176213, 0
3123, -0.180185, 0
3124, -0.184175, 0
3125, -0.18818, 0
3126, -0.192203, 0
3127, -0.196242, 0
3128, -0.200298, 0
3129, -0.20437, 0
3130, -0.208459, 0
3131, -0.212564, 0
3132, -0.216686, 0
3133, -0.220824, 0
3134, -0.224978, 0
3135, -0.229148, 0
3136, -0.233335, 0
3137, -0.237537, 0
3138, -0.241756, 0
3139, -0.24599, 0
3140, -0.250241, 0
3141, -0.254507, 0
3142, -0.258789, 0
3143, -0.263087, 0
3144, -0.267401, 0
3145, -0.27173, 0
3146, -0.276075, 0
3147, -0.280435, 0
3148, -0.284811, 0
3149, -0.289202, 0
3150, -0.293608, 0
3151, -0.29803, 0
3152, -0.302467, 0
3153, -0.306919, 0
3154, -0.311386, 0
3155, -0.315868, 0
3156, -0.320365, 0
3157, -0.324877, 0
3158, -0.329404, 0
3159, -0.333945, 0
3160, -0.338502, 0
3161, -0.343072, 0
3162, -0.347658, 0
3163, -0.352258, 0
3164, -0.356872, 0
3165, -0.361501, 0
3166, -0.366143, 0
3167, -0.370801, 0
3168, -0.375472, 0
3169, -0.380157, 0
3170, -0.384857, 0
3171, -0.38957, 0
3172, -0.394297, 0
3173, -0.399038, 0
3174, -0.403793, 0
3175, -0.408562, 0
3176, -0.413344, 0
3177, -0.418139, 0
3178, -0.422948, 0
3179, -0.42777, 0
3180, -0.432606, 0
3181, -0.437455, 0
3182, -0.442317, 0
3183, -0.447192, 0
3184, -0.452081, 0
3185, -0.456982, 0
3186, -0.461896, 0
3187, -0.466822, 0
3188, -0.471762, 0
3189, -0.476714, 0
3190, -0.481679, 0
3191, -0.486656, 0
3192, -0.491645, 0
3193, -0.496647, 0
3194, -0.501661, 0
3195, -0.506688, 0
3196, -0.511726, 0
3197, -0.516777, 0
3198, -0.521839, 0
3199, -0.526913, 0
3200, -0.531999, 0
3201, -0.537097, 0
3202, -0.542206, 0
3203, -0.547327, 0
3204, -0.552459, 0
3205, -0.557603, 0
3206, -0.562758, 0
3207, -0.567924, 0
3208, -0.573101, 0
3209, -0.57829, 0
3210, -0.583489, 0
3211, -0.588699, 0
3212, -0.59392, 0
3213, -0.599152, 0
3214, -0.604395, 0
3215, -0.609647, 0
3216, -0.614911, 0
3217, -0.620185, 0
3218, -0.625469, 0
3219, -0.630763, 0
3220, -0.636067, 0
3221, -0.641382, 0
3222, -0.646706, 0
3223, -0.65204, 0
3224, -0.657384, 0
3225, -0.662738, 0
3226, -0.668101, 0
3227, -0.673474, 0
3228, -0.678856, 0
3229, -0.684247, 0
3230, -0.689648, 0
3231, -0.695058, 0
3232, -0.700477, 0
3233, -0.705905, 0
3234, -0.711342, 0
3235, -0.716787, 0
3236, -0.722241, 0
3237, -0.727704, 0
3238, -0.733176, 0
3239, -0.738656, 0
3240, -0.744144, 0
3241, -0.74964, 0
3242, -0.755145, 0
3243, -0.760657, 0
3244, -0.766178, 0
3245, -0.771707, 0
3246, -0.777243, 0
3247, -0.782787, 0
3248, -0.788338, 0
3249, -0.793897, 0
3250, -0.799464, 0
3251, -0.805037, 0
3252, -0.810618, 0
3253, -0.816206, 0
3254, -0.821802, 0
3255, -0.827404, 0
3256, -0.833012, 0
3257, -0.838628, 0
3258, -0.84425, 0
3259, -0.849879, 0
3260, -0.855514, 0
3261, -0.861156, 0
3262, -0.866803, 0
3263, -0.872457, 0
3264, -0.878117, 0
3265, -0.883783, 0
3266, -0.889455, 0
3267, -0.895133, 0
3268, -0.900816, 0
3269, -0.906505, 0
3270, -0.912199, 0
3271, -0.917898, 0
3272, -0.923603, 0
3273, -0.929313, 0
3274, -0.935028, 0
3275, -0.940748, 0
3276, -0.946473, 0
3277, -0.952203, 0
3278, -0.957937, 0
3279, -0.963676, 0
3280, -0.969419, 0
3281, -0.975167, 0
3282, -0.980919, 0
3283, -0.986675, 0
3284, -0.992435, 0
3285, -0.998199, 0
3286, -1.00397, 0
3287, -1.00974, 0
3288, -1.01551, 0
3289, -1.02129, 0
3290, -1.02707, 0
3291, -1.03286, 0
3292, -1.03865, 0
3293, -1.04444, 0
3294, -1.05024, 0
3295, -1.05603, 0
3296, -1.06183, 0
3297, -1.06764, 0
3298, -1.07344, 0
3299, -1.07925, 0
3300, -1.08506, 0
3301, -1.09088, 0
3302, -1.09669, 0
3303, -1.10251, 0
3304, -1.10833, 0
3305, -1.11415, 0
3306, -1.11997, 0
3307, -1.1258, 0
3308, -1.13162, 0
3309, -1.13745, 0
3310, -1.14328, 0
3311, -1.14911, 0
3312, -1.15494, 0
3313, -1.16077, 0
3314, -1.16661, 0
3315, -1.17244, 0
3316, -1.17827, 0
3317, -1.18411, 0
3318, -1.18994, 0
3319, -1.19578, 0
3320, -1.20162, 0
3321, -1.20745, 0
3322, -1.21329, 0
3323, -1.21913, 0
3324, -1.22496, 0
3325, -1.2308, 0
3326, -1.23663, 0
3327, -1.24247, 0
3328, -1.2483, 0
3329, -1.25414, 0
3330, -1.25997, 0
3331, -1.2658, 0
3332, -1.27163, 0
3333, -1.27746, 0
3334, -1.28329, 0
3335, -1.28912, 0
3336, -1.29494, 0
3337, -1.30077, 0
3338, -1.30659, 0
3339, -1.31241, 0
3340, -1.31823, 0
3341, -1.32404, 0
3342, -1.32986, 0
3343, -1.33567, 0
3344, -1.34148, 0
3345, -1.34729, 0
3346, -1.35309, 0
3347, -1.35889, 0
3348, -1.36469, 0
3349, -1.37049, 0
3350, -1.37628, 0
3351, -1.38207, 0
3352, -1.38786, 0
3353, -1.39364, 0
3354, -1.39942, 0
3355, -1.4052, 0
3356, -1.41097, 0
3357, -1.41674, 0
3358, -1.4225, 0
3359, -1.42826, 0
3360, -1.43402, 0
3361, -1.43977, 0
3362, -1.44552, 0
3363, -1.45126, 0
3364, -1.457, 0
3365, -1.46274, 0
3366, -1.46847, 0
3367, -1.47419, 0
3368, -1.47991, 0
3369, -1.48562, 0
3370, -1.49133, 0
3371, -1.49704, 0
3372, -1.50273, 0
3373, -1.50843, 0
3374, -1.51411, 0
3375, -1.51979, 0
3376, -1.52547, 0
3377, -1.53114, 0
3378, -1.5368, 0
3379, -1.54246, 0
3380, -1.54811, 0
3381, -1.55375, 0
3382, -1.55939, 0
3383, -1.56502, 0
3384, -1.57064, 0
3385, -1.57626, 0
3386, -1.58187, 0
3387, -1.58747, 0
3388, -1.59307, 0
3389, -1.59866, 0
3390, -1.60424, 0
3391, -1.60981, 0
3392, -1.61537, 0
3393, -1.62093, 0
3394, -1.62648, 0
3395, -1.63202, 0
3396, -1.63755, 0
3397, -1.64308, 0
3398, -1.6486, 0
3399, -1.6541, 0
3400, -1.6596, 0
3401, -1.66509, 0
3402, -1.67058, 0
3403, -1.67605, 0
3404, -1.68151, 0
3405, -1.68697, 0
3406, -1.69241, 0
3407, -1.69785, 0
3408, -1.70327, 0
3409, -1.70869, 0
3410, -1.7141, 0
3411, -1.7195, 0
3412, -1.72488, 0
3413, -1.73026, 0
3414, -1.73563, 0
3415, -1.74098, 0
3416, -1.74633, 0
3417, -1.75167, 0
3418, -1.75699, 0
3419, -1.76231, 0
3420, -1.76761, 0
3421, -1.7729, 0
3422, -1.77819, 0
3423, -1.78346, 0
3424, -1.78872, 0
3425, -1.79397, 0
3426, -1.7992, 0
3427, -1.80443, 0
3428, -1.80964, 0
3429, -1.81484, 0
3430, -1.82003, 0
3431, -1.82521, 0
3432, -1.83038, 0
3433, -1.83553, 0
3434, -1.84067, 0
3435, -1.8458, 0
3436, -1.85092, 0
3437, -1.85602, 0
3438, -1.86111, 0
3439, -1.86619, 0
3440, -1.87125, 0
3441, -1.87631, 0
3442, -1.88134, 0
3443, -1.88637, 0
3444, -1.89138, 0
3445, -1.89638, 0
3446, -1.90136, 0
3447, -1.90634, 0
3448, -1.91129, 0
3449, -1.91624, 0
3450, -1.92117, 0
3451, -1.92608, 0
3452, -1.93098, 0
3453, -1.93587, 0
3454, -1.94074, 0
3455, -1.9456, 0
3456, -1.95044, 0
3457, -1.95527, 0
3458, -1.96008, 0
3459, -1.96488, 0
3460, -1.96966, 0
3461, -1.97443, 0
3462, -1.97918, 0
3463, -1.98392, 0
3464, -1.98864, 0
3465, -1.99335, 0
3466, -1.99804, 0
3467, -2.00271, 0
3468, -2.00737, 0
3469, -2.01201, 0
3470, -2.01664, 0
3471, -2.02125, 0
3472, -2.02584, 0
3473, -2.03042, 0
3474, -2.03498, 0
3475, -2.03952, 0
3476, -2.04405, 0
3477, -2.04856, 0
3478, -2.05306, 0
3479, -2.05753, 0
3480, -2.06199, 0
3481, -2.06643, 0
3482, -2.07086, 0
3483, -2.07527, 0
3484, -2.07966, 0
3485, -2.08403, 0
3486, -2.08838, 0
3487, -2.09272, 0
3488, -2.09704, 0
3489, -2.10134, 0
3490, -2.10562, 0
3491, -2.10989, 0
3492, -2.11413, 0
3493, -2.11836, 0
3494, -2.12257, 0
3495, -2.12676, 0
3496, -2.13093, 0
3497, -2.13508, 0
3498, -2.13922, 0
3499, -2.14333, 0
3500, -2.14743, 0
3501, -2.1515, 0
3502, -2.15556, 0
3503, -2.1596, 0
3504, -2.16362, 0
3505, -2.16762, 0
3506, -2.1716, 0
3507, -2.17556, 0
3508, -2.1795, 0
3509, -2.18342, 0
3510, -2.18732, 0
3511, -2.1912, 0
3512, -2.19506, 0
3513, -2.19889, 0
3514, -2.20271, 0
3515, -2.20651, 0
3516, -2.21029, 0
3517, -2.21405, 0
3518, -2.21778, 0
3519, -2.2215, 0
3520, -2.22519, 0
3521, -2.22887, 0
3522, -2.23252, 0
3523, -2.23615, 0
3524, -2.23976, 0
3525, -2.24335, 0
3526, -2.24691, 0
3527, -2.25046, 0
3528, -2.25398, 0
3529, -2.25749, 0
3530, -2.26097, 0
3531, -2.26442, 0
3532, -2.26786, 0
3533, -2.27127, 0
3534, -2.27467, 0
3535, -2.27804, 0
3536, -2.28138, 0
3537, -2.28471, 0
3538, -2.28801, 0
3539, -2.29129, 0
3540, -2.29455, 0
3541, -2.29778, 0
3542, -2.30099, 0
3543, -2.30418, 0
3544, -2.30735, 0
3545, -2.31049, 0
3546, -2.31361, 0
3547, -2.31671, 0
3548, -2.31978, 0
3549, -2.32283, 0
3550, -2.32585, 0
3551, -2.32886, 0
3552, -2.33184, 0
3553, -2.33479, 0
3554, -2.33772, 0
3555, -2.34063, 0
3556, -2.34351, 0
3557, -2.34637, 0
3558, -2.34921, 0
3559, -2.35202, 0
3560, -2.3548, 0
3561, -2.35757, 0
3562, -2.3603, 0
3563, -2.36302, 0
3564, -2.36571, 0
3565, -2.36837, 0
3566, -2.37101, 0
3567, -2.37363, 0
3568, -2.37622, 0
3569, -2.37878, 0
3570, -2.38132, 0
3571, -2.38384, 0
3572, -2.38632, 0
3573, -2.38879, 0
3574, -2.39123, 0
3575, -2.39364, 0
3576, -2.39603, 0
3577, -2.39839, 0
3578, -2.40073, 0
3579, -2.40304, 0
3580, -2.40533, 0
3581, -2.40759, 0
3582, -2.40982, 0
3583, -2.41203, 0
3584, -2.41421, 0
3585, -2.41637, 0
3586, -2.4185, 0
3587, -2.4206, 0
3588, -2.42268, 0
3589, -2.42473, 0
3590, -2.42676, 0
3591, -2.42876, 0
3592, -2.43073, 0
3593, -2.43267, 0
3594, -2.43459, 0
3595, -2.43649, 0
3596, -2.43835, 0
3597, -2.44019, 0
3598, -2.442, 0
3599, -2.44379, 0
3600, -2.44554, 0
3601, -2.44728, 0
3602, -2.44898, 0
3603, -2.45066, 0
3604, -2.45231, 0
3605, -2.45393, 0
3606, -2.45552, 0
3607, -2.45709, 0
3608, -2.45863, 0
3609, -2.46014, 0
3610, -2.46163, 0
3611, -2.46308, 0
3612, -2.46451, 0
3613, -2.46591, 0
3614, -2.46729, 0
3615, -2.46863, 0
3616, -2.46995, 0
3617, -2.47124, 0
3618, -2.4725, 0
3619, -2.47374, 0
3620, -2.47494, 0
3621, -2.47612, 0
3622, -2.47727, 0
3623, -2.47839, 0
3624, -2.47948, 0
3625, -2.48055, 0
3626, -2.48159, 0
3627, -2.48259, 0
3628, -2.48357, 0
3629, -2.48452, 0
3630, -2.48544, 0
3631, -2.48634, 0
3632, -2.4872, 0
3633, -2.48804, 0
3634, -2.48885, 0
3635, -2.48962, 0
3636, -2.49037, 0
3637, -2.49109, 0
3638, -2.49179, 0
3639, -2.49245, 0
3640, -2.49308, 0
3641, -2.49369, 0
3642, -2.49426, 0
3643, -2.49481, 0
3644, -2.49532, 0
3645, -2.49581, 0
3646, -2.49627, 0
3647, -2.4967, 0
3648, -2.4971, 0
3649, -2.49747, 0
3650, -2.49781, 0
3651, -2.49812, 0
3652, -2.4984, 0
3653, -2.49866, 0
3654, -2.49888, 0
3655, -2.49907, 0
3656, -2.49924, 0
3657, -2.49937, 0
3658, -2.49947, 0
3659, -2.49955, 0
3660, -2.49959, 0
3661, -2.49961, 0
3662, -2.49959, 0
3663, -2.49955, 0
3664, -2.49947, 0
3665, -2.49937, 0
3666, -2.49923, 0
3667, -2.49907, 0
3668, -2.49887, 0
3669, -2.49865, 0
3670, -2.49839, 0
3671, -2.49811, 0
3672, -2.49779, 0
3673, -2.49745, 0
3674, -2.49707, 0
3675, -2.49667, 0
3676, -2.49623, 0
3677, -2.49576, 0
3678, -2.49527, 0
3679, -2.49474, 0
3680, -2.49418, 0
3681, -2.4936, 0
3682, -2.49298, 0
3683, -2.49233, 0
3684, -2.49165, 0
3685, -2.49094, 0
3686, -2.4902, 0
3687, -2.48943, 0
3688, -2.48863, 0
3689, -2.4878, 0
3690, -2.48694, 0
3691, -2.48605, 0
3692, -2.48512, 0
3693, -2.48417, 0
3694, -2.48319, 0
3695, -2.48217, 0
3696, -2.48113, 0
3697, -2.48005, 0
3698, -2.47895, 0
3699, -2.47781, 0
3700, -2.47664, 0
3701, -2.47544, 0
3702, -2.47421, 0
3703, -2.47295, 0
3704, -2.47166, 0
3705, -2.47034, 0
3706, -2.46899, 0
3707, -2.46761, 0
3708, -2.4662, 0
3709, -2.46475, 0
3710, -2.46328, 0
3711, -2.46177, 0
3712, -2.46024, 0
3713, -2.45867, 0
3714, -2.45707, 0
3715, -2.45544, 0
3716, -2.45378, 0
3717, -2.45209, 0
3718, -2.45037, 0
3719, -2.44862, 0
3720, -2.44684, 0
3721, -2.44502, 0
3722, -2.44318, 0
3723, -2.4413, 0
3724, -2.4394, 0
3725, -2.43746, 0
3726, -2.43549, 0
3727, -2.4335, 0
3728, -2.43147, 0
3729, -2.42941, 0
3730, -2.42732, 0
3731, -2.42519, 0
3732, -2.42304, 0
3733, -2.42086, 0
3734, -2.41865, 0
3735, -2.4164, 0
3736, -2.41413, 0
3737, -2.41182, 0
3738, -2.40948, 0
3739, -2.40712, 0
3740, -2.40472, 0
3741, -2.40229, 0
3742, -2.39983, 0
3743, -2.39734, 0
3744, -2.39482, 0
3745, -2.39227, 0
3746, -2.38969, 0
3747, -2.38707, 0
3748, -2.38443, 0
3749, -2.38176, 0
3750, -2.37905, 0
3751, -2.37632, 0
3752, -2.37355, 0
3753, -2.37075, 0
3754, -2.36793, 0
3755, -2.36507, 0
3756, -2.36218, 0
3757, -2.35926, 0
3758, -2.35631, 0
3759, -2.35334, 0
3760, -2.35033, 0
3761, -2.34729, 0
3762, -2.34422, 0
3763, -2.34111, 0
3764, -2.33798, 0
3765, -2.33482, 0
3766, -2.33163, 0
3767, -2.32841, 0
3768, -2.32516, 0
3769, -2.32187, 0
3770, -2.31856, 0
3771, -2.31522, 0
3772, -2.31184, 0
3773, -2.30844, 0
3774, -2.30501, 0
3775, -2.30154, 0
3776, -2.29805, 0
3777, -2.29453, 0
3778, -2.29097, 0
3779, -2.28739, 0
3780, -2.28378, 0
3781, -2.28013, 0
3782, -2.27646, 0
3783, -2.27276, 0
3784, -2.26903, 0
3785, -2.26526, 0
3786, -2.26147, 0
3787, -2.25765, 0
3788, -2.2538, 0
3789, -2.24992, 0
3790, -2.24601, 0
3791, -2.24207, 0
3792, -2.2381, 0
3793, -2.2341, 0
3794, -2.23007, 0
3795, -2.22601, 0
3796, -2.22192, 0
3797, -2.21781, 0
3798, -2.21366, 0
3799, -2.20948, 0
3800, -2.20528, 0
3801, -2.20105, 0
3802, -2.19678, 0
3803, -2.19249, 0
3804, -2.18817, 0
3805, -2.18382, 0
3806, -2.17944, 0
3807, -2.17503, 0
3808, -2.1706, 0
3809, -2.16613, 0
3810, -2.16164, 0
3811, -2.15711, 0
3812, -2.15256, 0
3813, -2.14798, 0
3814, -2.14337, 0
3815, -2.13873, 0
3816, -2.13407, 0
3817, -2.12937, 0
3818, -2.12465, 0
3819, -2.1199, 0
3820, -2.11512, 0
3821, -2.11031, 0
3822, -2.10548, 0
3823, -2.10061, 0
3824, -2.09572, 0
3825, -2.0908, 0
3826, -2.08585, 0
3827, -2.08088, 0
3828, -2.07587, 0
3829, -2.07084, 0
3830, -2.06578, 0
3831, -2.06069, 0
3832, -2.05558, 0
3833, -2.05044, 0
3834, -2.04527, 0
3835, -2.04007, 0
3836, -2.03484, 0
3837, -2.02959, 0
3838, -2.02431, 0
3839, -2.019, 0
3840, -2.01367, 0
3841, -2.00831, 0
3842, -2.00292, 0
3843, -1.9975, 0
3844, -1.99206, 0
3845, -1.98659, 0
3846, -1.9811, 0
3847, -1.97558, 0
3848, -1.97003, 0
3849, -1.96445, 0
3850, -1.95885, 0
3851, -1.95322, 0
3852, -1.94756, 0
3853, -1.94188, 0
3854, -1.93617, 0
3855, -1.93044, 0
3856, -1.92468, 0
3857, -1.91889, 0
3858, -1.91308, 0
3859, -1.90724, 0
3860, -1.90138, 0
3861, -1.89549, 0
3862, -1.88957, 0
3863, -1.88363, 0
3864, -1.87766, 0
3865, -1.87167, 0
3866, -1.86565, 0
3867, -1.85961, 0
3868, -1.85354, 0
3869, -1.84744, 0
3870, -1.84133, 0
3871, -1.83518, 0
3872, -1.82901, 0
3873, -1.82282, 0
3874, -1.8166, 0
3875, -1.81035, 0
3876, -1.80409, 0
3877, -1.79779, 0
3878, -1.79148, 0
3879, -1.78513, 0
3880, -1.77877, 0
3881, -1.77238, 0
3882, -1.76596, 0
3883, -1.75952, 0
3884, -1.75306, 0
3885, -1.74657, 0
3886, -1.74006, 0
3887, -1.73352, 0
3888, -1.72697, 0
3889, -1.72038, 0
3890, -1.71378, 0
3891, -1.70715, 0
3892, -1.7005, 0
3893, -1.69382, 0
3894, -1.68712, 0
3895, -1.6804, 0
3896, -1.67365, 0
3897, -1.66688, 0
3898, -1.66009, 0
3899, -1.65328, 0
3900, -1.64644, 0
3901, -1.63958, 0
3902, -1.6327, 0
3903, -1.62579, 0
3904, -1.61887, 0
3905, -1.61192, 0
3906, -1.60494, 0
3907, -1.59795, 0
3908, -1.59093, 0
3909, -1.5839, 0
3910, -1.57684, 0
3911, -1.56976, 0
3912, -1.56265, 0
3913, -1.55553, 0
3914, -1.54838, 0
3915, -1.54122, 0
3916, -1.53403, 0
3917, -1.52682, 0
3918, -1.51959, 0
3919, -1.51234, 0
3920, -1.50506, 0
3921, -1.49777, 0
3922, -1.49045, 0
3923, -1.48312, 0
3924, -1.47576, 0
3925, -1.46839, 0
3926, -1.46099, 0
3927, -1.45358, 0
3928, -1.44614, 0
3929, -1.43868, 0
3930, -1.43121, 0
3931, -1.42371, 0
3932, -1.4162, 0
3933, -1.40866, 0
3934, -1.4011, 0
3935, -1.39353, 0
3936, -1.38594, 0
3937, -1.37832, 0
3938, -1.37069, 0
3939, -1.36304, 0
3940, -1.35537, 0
3941, -1.34768, 0
3942, -1.33997, 0
3943, -1.33225, 0
3944, -1.3245, 0
3945, -1.31674, 0
3946, -1.30896, 0
3947, -1.30116, 0
3948, -1.29334, 0
3949, -1.2855, 0
3950, -1.27765, 0
3951, -1.26978, 0
3952, -1.26189, 0
3953, -1.25398, 0
3954, -1.24606, 0
3955, -1.23812, 0
3956, -1.23016, 0
3957, -1.22218, 0
3958, -1.21419, 0
3959, -1.20618, 0
3960, -1.19815, 0
3961, -1.19011, 0
3962, -1.18205, 0
3963, -1.17397, 0
3964, -1.16588, 0
3965, -1.15777, 0
3966, -1.14964, 0
3967, -1.1415, 0
3968, -1.13334, 0
3969, -1.12517, 0
3970, -1.11698, 0
3971, -1.10878, 0
3972, -1.10056, 0
3973, -1.09232, 0
3974, -1.08407, 0
3975, -1.07581, 0
3976, -1.06752, 0
3977, -1.05923, 0
3978, -1.05092, 0
3979, -1.04259, 0
3980, -1.03425, 0
3981, -1.0259, 0
3982, -1.01753, 0
3983, -1.00915, 0
3984, -1.00075, 0
3985, -0.992339, 0
3986, -0.983914, 0
3987, -0.975475, 0
3988, -0.967023, 0
3989, -0.958557, 0
3990, -0.950077, 0
3991, -0.941585, 0
3992, -0.933079, 0
3993, -0.92456, 0
3994, -0.916028, 0
3995, -0.907483, 0
3996, -0.898925, 0
3997, -0.890355, 0
3998, -0.881773, 0
3999, -0.873177, 0
4000, -0.86457, 0
4001, -0.855951, 0
4002, -0.847319, 0
4003, -0.838676, 0
4004, -0.830021, 0
4005, -0.821354, 0
4006, -0.812676, 0
4007, -0.803986, 0
4008, -0.795286, 0
4009, -0.786573, 0
4010, -0.77785, 0
4011, -0.769116, 0
4012, -0.760371, 0
4013, -0.751616, 0
4014, -0.742849, 0
4015, -0.734073, 0
4016, -0.725286, 0
4017, -0.716489, 0
4018, -0.707682, 0
4019, -0.698864, 0
4020, -0.690037, 0
4021, -0.681201, 0
4022, -0.672355, 0
4023, -0.663499, 0
4024, -0.654634, 0
4025, -0.645759, 0
4026, -0.636876, 0
4027, -0.627984, 0
4028, -0.619083, 0
4029, -0.610173, 0
4030, -0.601254, 0
4031, -0.592327, 0
4032, -0.583392, 0
4033, -0.574449, 0
4034, -0.565497, 0
4035, -0.556538, 0
4036, -0.54757, 0
4037, -0.538595, 0
4038, -0.529612, 0
4039, -0.520622, 0
4040, -0.511625, 0
4041, -0.50262, 0
4042, -0.493608, 0
4043, -0.48459, 0
4044, -0.475564, 0
4045, -0.466532, 0
4046, -0.457493, 0
4047, -0.448448, 0
4048, -0.439396, 0
4049, -0.430338, 0
4050, -0.421275, 0
4051, -0.412205, 0
4052, -0.403129, 0
4053, -0.394048, 0
4054, -0.384961, 0
4055, -0.375869, 0
4056, -0.366771, 0
4057, -0.357669, 0
4058, -0.348561, 0
4059, -0.339448, 0
4060, -0.330331, 0
4061, -0.321208, 0
4062, -0.312082, 0
4063, -0.302951, 0
4064, -0.293815, 0
4065, -0.284676, 0
4066, -0.275532, 0
4067, -0.266385, 0
4068, -0.257234, 0
4069, -0.248079, 0
4070, -0.238921, 0
4071, -0.229759, 0
4072, -0.220594, 0
4073, -0.211426, 0
4074, -0.202255, 0
4075, -0.193081, 0
4076, -0.183904, 0
4077, -0.174725, 0
4078, -0.165544, 0
4079, -0.15636, 0
4080, -0.147173, 0
4081, -0.137985, 0
4082, -0.128795, 0
4083, -0.119603, 0
4084, -0.110409, 0
4085, -0.101214, 0
4086, -0.0920172, 0
4087, -0.0828192, 0
4088, -0.07362, 0
4089, -0.0644198, 0
4090, -0.0552186, 0
4091, -0.0460167, 0
4092, -0.0368142, 0
4093, -0.0276111, 0
4094, -0.0184076, 0
4095, -0.00920386, 0
