t,K,Z
0,1,0.5
0.01,1.005,0.5
0.02,1.01002,0.500025
0.03,1.01507,0.500075
0.04,1.02015,0.500151
0.05,1.02525,0.500251
0.06,1.03037,0.500378
0.07,1.03552,0.50053
0.08,1.04069,0.500707
0.09,1.04589,0.500911
0.1,1.05111,0.501141
0.11,1.05635,0.501397
0.12,1.06162,0.50168
0.13,1.06691,0.501989
0.14,1.07222,0.502325
0.15,1.07756,0.502687
0.16,1.08292,0.503077
0.17,1.0883,0.503494
0.18,1.0937,0.503939
0.19,1.09913,0.504411
0.2,1.10457,0.504911
0.21,1.11004,0.505439
0.22,1.11553,0.505995
0.23,1.12104,0.50658
0.24,1.12658,0.507193
0.25,1.13213,0.507835
0.26,1.1377,0.508506
0.27,1.14329,0.509206
0.28,1.1489,0.509936
0.29,1.15453,0.510695
0.3,1.16018,0.511485
0.31,1.16585,0.512304
0.32,1.17154,0.513154
0.33,1.17724,0.514034
0.34,1.18296,0.514945
0.35,1.1887,0.515887
0.36,1.19445,0.51686
0.37,1.20022,0.517866
0.38,1.20601,0.518902
0.39,1.21181,0.519971
0.4,1.21763,0.521073
0.41,1.22346,0.522207
0.42,1.22931,0.523374
0.43,1.23517,0.524574
0.44,1.24104,0.525807
0.45,1.24692,0.527075
0.46,1.25282,0.528376
0.47,1.25873,0.529712
0.48,1.26465,0.531083
0.49,1.27058,0.532488
0.5,1.27652,0.533929
0.51,1.28247,0.535405
0.52,1.28843,0.536918
0.53,1.29439,0.538466
0.54,1.30037,0.540052
0.55,1.30635,0.541674
0.56,1.31233,0.543333
0.57,1.31833,0.54503
0.58,1.32433,0.546765
0.59,1.33033,0.548538
0.6,1.33633,0.55035
0.61,1.34234,0.552201
0.62,1.34835,0.554092
0.63,1.35437,0.556022
0.64,1.36038,0.557992
0.65,1.36639,0.560003
0.66,1.3724,0.562055
0.67,1.37841,0.564148
0.68,1.38442,0.566283
0.69,1.39043,0.56846
0.7,1.39643,0.570679
0.71,1.40242,0.572942
0.72,1.40841,0.575247
0.73,1.41439,0.577597
0.74,1.42037,0.57999
0.75,1.42633,0.582428
0.76,1.43229,0.584911
0.77,1.43824,0.58744
0.78,1.44417,0.590014
0.79,1.45009,0.592635
0.8,1.456,0.595302
0.81,1.46189,0.598017
0.82,1.46777,0.600779
0.83,1.47363,0.603589
0.84,1.47947,0.606448
0.85,1.48529,0.609356
0.86,1.49109,0.612313
0.87,1.49687,0.61532
0.88,1.50263,0.618377
0.89,1.50837,0.621485
0.9,1.51407,0.624645
0.91,1.51976,0.627856
0.92,1.52541,0.631119
0.93,1.53104,0.634435
0.94,1.53664,0.637804
0.95,1.5422,0.641227
0.96,1.54774,0.644704
0.97,1.55324,0.648235
0.98,1.5587,0.651821
0.99,1.56413,0.655463
1,1.56951,0.659161
1.01,1.57486,0.662915
1.02,1.58017,0.666726
1.03,1.58544,0.670594
1.04,1.59066,0.67452
1.05,1.59584,0.678504
1.06,1.60097,0.682547
1.07,1.60605,0.686649
1.08,1.61108,0.69081
1.09,1.61607,0.695031
1.1,1.62099,0.699313
1.11,1.62587,0.703656
1.12,1.63069,0.70806
1.13,1.63545,0.712526
1.14,1.64015,0.717053
1.15,1.64479,0.721644
1.16,1.64937,0.726297
1.17,1.65388,0.731013
1.18,1.65833,0.735793
1.19,1.66271,0.740637
1.2,1.66703,0.745545
1.21,1.67127,0.750518
1.22,1.67544,0.755556
1.23,1.67953,0.760659
1.24,1.68355,0.765828
1.25,1.68749,0.771063
1.26,1.69136,0.776364
1.27,1.69514,0.781732
1.28,1.69884,0.787166
1.29,1.70246,0.792667
1.3,1.70599,0.798235
1.31,1.70943,0.80387
1.32,1.71278,0.809573
1.33,1.71604,0.815344
1.34,1.71921,0.821182
1.35,1.72228,0.827088
1.36,1.72526,0.833062
1.37,1.72814,0.839104
1.38,1.73092,0.845214
1.39,1.7336,0.851391
1.4,1.73618,0.857637
1.41,1.73865,0.863951
1.42,1.74102,0.870333
1.43,1.74327,0.876782
1.44,1.74542,0.883299
1.45,1.74746,0.889883
1.46,1.74938,0.896535
1.47,1.75119,0.903253
1.48,1.75289,0.910038
1.49,1.75446,0.91689
1.5,1.75592,0.923807
1.51,1.75726,0.930791
1.52,1.75848,0.937839
1.53,1.75957,0.944953
1.54,1.76054,0.95213
1.55,1.76138,0.959371
1.56,1.7621,0.966676
1.57,1.76268,0.974043
1.58,1.76314,0.981472
1.59,1.76347,0.988962
1.6,1.76366,0.996512
1.61,1.76372,1.00412
1.62,1.76365,1.01179
1.63,1.76344,1.01952
1.64,1.7631,1.0273
1.65,1.76262,1.03514
1.66,1.762,1.04303
1.67,1.76124,1.05098
1.68,1.76034,1.05898
1.69,1.7593,1.06703
1.7,1.75812,1.07514
1.71,1.7568,1.08329
1.72,1.75534,1.09149
1.73,1.75373,1.09973
1.74,1.75199,1.10802
1.75,1.75009,1.11635
1.76,1.74806,1.12473
1.77,1.74588,1.13314
1.78,1.74355,1.14159
1.79,1.74108,1.15008
1.8,1.73847,1.1586
1.81,1.73571,1.16716
1.82,1.73281,1.17574
1.83,1.72977,1.18436
1.84,1.72658,1.193
1.85,1.72324,1.20167
1.86,1.71977,1.21036
1.87,1.71615,1.21907
1.88,1.71239,1.22781
1.89,1.70849,1.23655
1.9,1.70445,1.24531
1.91,1.70027,1.25409
1.92,1.69595,1.26287
1.93,1.69149,1.27166
1.94,1.6869,1.28045
1.95,1.68216,1.28924
1.96,1.6773,1.29804
1.97,1.6723,1.30683
1.98,1.66717,1.31562
1.99,1.66191,1.32439
2,1.65652,1.33316
2.01,1.651,1.34191
2.02,1.64535,1.35065
2.03,1.63958,1.35937
2.04,1.63369,1.36806
2.05,1.62768,1.37673
2.06,1.62155,1.38537
2.07,1.6153,1.39398
2.08,1.60893,1.40256
2.09,1.60246,1.4111
2.1,1.59587,1.4196
2.11,1.58917,1.42806
2.12,1.58237,1.43647
2.13,1.57546,1.44484
2.14,1.56845,1.45315
2.15,1.56135,1.46141
2.16,1.55414,1.46962
2.17,1.54684,1.47776
2.18,1.53945,1.48584
2.19,1.53197,1.49386
2.2,1.52441,1.5018
2.21,1.51676,1.50968
2.22,1.50903,1.51748
2.23,1.50122,1.52521
2.24,1.49333,1.53285
2.25,1.48538,1.54041
2.26,1.47735,1.54789
2.27,1.46926,1.55528
2.28,1.4611,1.56258
2.29,1.45288,1.56978
2.3,1.4446,1.57689
2.31,1.43627,1.5839
2.32,1.42788,1.59081
2.33,1.41944,1.59762
2.34,1.41096,1.60432
2.35,1.40243,1.61091
2.36,1.39387,1.6174
2.37,1.38526,1.62377
2.38,1.37662,1.63002
2.39,1.36795,1.63616
2.4,1.35924,1.64218
2.41,1.35052,1.64808
2.42,1.34176,1.65386
2.43,1.33299,1.65951
2.44,1.3242,1.66503
2.45,1.31539,1.67043
2.46,1.30657,1.6757
2.47,1.29775,1.68084
2.48,1.28891,1.68584
2.49,1.28007,1.69071
2.5,1.27123,1.69545
2.51,1.26239,1.70005
2.52,1.25355,1.70451
2.53,1.24472,1.70883
2.54,1.2359,1.71301
2.55,1.22708,1.71705
2.56,1.21828,1.72095
2.57,1.2095,1.72471
2.58,1.20074,1.72832
2.59,1.19199,1.73179
2.6,1.18327,1.73512
2.61,1.17457,1.7383
2.62,1.1659,1.74133
2.63,1.15725,1.74422
2.64,1.14864,1.74696
2.65,1.14006,1.74956
2.66,1.13152,1.75201
2.67,1.12301,1.75431
2.68,1.11454,1.75647
2.69,1.10611,1.75848
2.7,1.09772,1.76035
2.71,1.08937,1.76207
2.72,1.08107,1.76364
2.73,1.07281,1.76507
2.74,1.0646,1.76636
2.75,1.05645,1.7675
2.76,1.04834,1.7685
2.77,1.04028,1.76935
2.78,1.03228,1.77007
2.79,1.02433,1.77064
2.8,1.01643,1.77107
2.81,1.0086,1.77136
2.82,1.00082,1.77151
2.83,0.993096,1.77153
2.84,0.985434,1.7714
2.85,0.977832,1.77115
2.86,0.970292,1.77075
2.87,0.962813,1.77023
2.88,0.955397,1.76957
2.89,0.948045,1.76878
2.9,0.940757,1.76786
2.91,0.933533,1.76681
2.92,0.926374,1.76564
2.93,0.919282,1.76434
2.94,0.912255,1.76291
2.95,0.905296,1.76137
2.96,0.898403,1.7597
2.97,0.891578,1.75791
2.98,0.884821,1.75601
2.99,0.878131,1.75398
3,0.87151,1.75185
3.01,0.864958,1.74959
3.02,0.858474,1.74723
3.03,0.852059,1.74476
3.04,0.845714,1.74218
3.05,0.839437,1.73949
3.06,0.833229,1.7367
3.07,0.827091,1.7338
3.08,0.821022,1.7308
3.09,0.815022,1.7277
3.1,0.809091,1.72451
3.11,0.803229,1.72122
3.12,0.797436,1.71783
3.13,0.791712,1.71435
3.14,0.786056,1.71078
3.15,0.780469,1.70712
3.16,0.77495,1.70337
3.17,0.769499,1.69954
3.18,0.764116,1.69562
3.19,0.758801,1.69162
3.2,0.753553,1.68754
3.21,0.748372,1.68338
3.22,0.743258,1.67915
3.23,0.73821,1.67483
3.24,0.733228,1.67045
3.25,0.728312,1.66599
3.26,0.723462,1.66147
3.27,0.718676,1.65687
3.28,0.713956,1.65221
3.29,0.709299,1.64749
3.3,0.704706,1.6427
3.31,0.700177,1.63785
3.32,0.695711,1.63294
3.33,0.691308,1.62797
3.34,0.686967,1.62294
3.35,0.682687,1.61786
3.36,0.678469,1.61273
3.37,0.674312,1.60754
3.38,0.670215,1.60231
3.39,0.666179,1.59702
3.4,0.662201,1.59169
3.41,0.658283,1.58631
3.42,0.654424,1.58089
3.43,0.650622,1.57543
3.44,0.646878,1.56993
3.45,0.643191,1.56438
3.46,0.639561,1.5588
3.47,0.635988,1.55318
3.48,0.632469,1.54753
3.49,0.629006,1.54184
3.5,0.625598,1.53612
3.51,0.622244,1.53037
3.52,0.618944,1.52459
3.53,0.615697,1.51878
3.54,0.612503,1.51294
3.55,0.609361,1.50708
3.56,0.606271,1.50119
3.57,0.603233,1.49528
3.58,0.600245,1.48935
3.59,0.597308,1.48339
3.6,0.59442,1.47742
3.61,0.591582,1.47143
3.62,0.588794,1.46542
3.63,0.586053,1.45939
3.64,0.583361,1.45335
3.65,0.580716,1.4473
3.66,0.578119,1.44123
3.67,0.575568,1.43515
3.68,0.573063,1.42906
3.69,0.570605,1.42296
3.7,0.568191,1.41685
3.71,0.565823,1.41073
3.72,0.563499,1.4046
3.73,0.561219,1.39847
3.74,0.558982,1.39234
3.75,0.556789,1.3862
3.76,0.554639,1.38005
3.77,0.552531,1.37391
3.78,0.550465,1.36776
3.79,0.548441,1.36161
3.8,0.546458,1.35546
3.81,0.544515,1.34931
3.82,0.542613,1.34317
3.83,0.540751,1.33702
3.84,0.538929,1.33088
3.85,0.537145,1.32475
3.86,0.535401,1.31862
3.87,0.533695,1.31249
3.88,0.532027,1.30637
3.89,0.530397,1.30026
3.9,0.528805,1.29415
3.91,0.527249,1.28805
3.92,0.525731,1.28196
3.93,0.524248,1.27588
3.94,0.522802,1.26981
3.95,0.521391,1.26375
3.96,0.520016,1.2577
3.97,0.518676,1.25167
3.98,0.517371,1.24564
3.99,0.5161,1.23963
4,0.514863,1.23363
4.01,0.51366,1.22765
4.02,0.512491,1.22168
4.03,0.511355,1.21572
4.04,0.510252,1.20978
4.05,0.509181,1.20386
4.06,0.508143,1.19795
4.07,0.507138,1.19205
4.08,0.506164,1.18618
4.09,0.505221,1.18032
4.1,0.50431,1.17448
4.11,0.50343,1.16866
4.12,0.502581,1.16286
4.13,0.501763,1.15707
4.14,0.500975,1.15131
4.15,0.500217,1.14556
4.16,0.499488,1.13984
4.17,0.49879,1.13413
4.18,0.498121,1.12845
4.19,0.497481,1.12278
4.2,0.49687,1.11714
4.21,0.496288,1.11152
4.22,0.495735,1.10592
4.23,0.49521,1.10035
4.24,0.494713,1.09479
4.25,0.494244,1.08926
4.26,0.493803,1.08375
4.27,0.493389,1.07826
4.28,0.493003,1.0728
4.29,0.492644,1.06736
4.3,0.492312,1.06195
4.31,0.492007,1.05656
4.32,0.491729,1.05119
4.33,0.491477,1.04585
4.34,0.491252,1.04053
4.35,0.491053,1.03523
4.36,0.49088,1.02997
4.37,0.490733,1.02472
4.38,0.490611,1.0195
4.39,0.490516,1.01431
4.4,0.490445,1.00914
4.41,0.490401,1.004
4.42,0.490381,0.998883
4.43,0.490386,0.993793
4.44,0.490417,0.988728
4.45,0.490472,0.98369
4.46,0.490552,0.978678
4.47,0.490657,0.973692
4.48,0.490786,0.968732
4.49,0.490939,0.963799
4.5,0.491117,0.958893
4.51,0.491319,0.954014
4.52,0.491545,0.949161
4.53,0.491795,0.944335
4.54,0.492069,0.939535
4.55,0.492366,0.934763
4.56,0.492687,0.930018
4.57,0.493032,0.9253
4.58,0.4934,0.920609
4.59,0.493792,0.915945
4.6,0.494207,0.911309
4.61,0.494645,0.906699
4.62,0.495107,0.902117
4.63,0.495592,0.897562
4.64,0.496099,0.893035
4.65,0.49663,0.888535
4.66,0.497183,0.884062
4.67,0.49776,0.879617
4.68,0.498359,0.875199
4.69,0.498981,0.870809
4.7,0.499626,0.866446
4.71,0.500293,0.862111
4.72,0.500983,0.857803
4.73,0.501695,0.853522
4.74,0.50243,0.849269
4.75,0.503187,0.845043
4.76,0.503967,0.840845
4.77,0.504769,0.836674
4.78,0.505594,0.832531
4.79,0.50644,0.828415
4.8,0.507309,0.824326
4.81,0.508201,0.820264
4.82,0.509114,0.81623
4.83,0.51005,0.812224
4.84,0.511007,0.808244
4.85,0.511987,0.804292
4.86,0.512989,0.800367
4.87,0.514013,0.796469
4.88,0.515059,0.792598
4.89,0.516128,0.788755
4.9,0.517218,0.784938
4.91,0.51833,0.781148
4.92,0.519465,0.777386
4.93,0.520621,0.77365
4.94,0.5218,0.769942
4.95,0.523,0.76626
4.96,0.524222,0.762605
4.97,0.525467,0.758976
4.98,0.526733,0.755375
4.99,0.528022,0.7518
5,0.529333,0.748252
5.01,0.530665,0.74473
5.02,0.53202,0.741234
5.03,0.533396,0.737766
5.04,0.534795,0.734323
5.05,0.536216,0.730907
5.06,0.537659,0.727517
5.07,0.539124,0.724154
5.08,0.540611,0.720816
5.09,0.54212,0.717505
5.1,0.543652,0.71422
5.11,0.545205,0.71096
5.12,0.546781,0.707727
5.13,0.548379,0.704519
5.14,0.55,0.701337
5.15,0.551642,0.698181
5.16,0.553307,0.695051
5.17,0.554995,0.691946
5.18,0.556704,0.688867
5.19,0.558436,0.685813
5.2,0.560191,0.682785
5.21,0.561968,0.679782
5.22,0.563768,0.676805
5.23,0.56559,0.673852
5.24,0.567434,0.670925
5.25,0.569302,0.668023
5.26,0.571192,0.665145
5.27,0.573104,0.662293
5.28,0.57504,0.659466
5.29,0.576998,0.656664
5.3,0.578979,0.653886
5.31,0.580983,0.651133
5.32,0.58301,0.648404
5.33,0.585059,0.645701
5.34,0.587132,0.643021
5.35,0.589228,0.640367
5.36,0.591347,0.637736
5.37,0.59349,0.63513
5.38,0.595655,0.632548
5.39,0.597844,0.62999
5.4,0.600056,0.627457
5.41,0.602291,0.624947
5.42,0.60455,0.622462
5.43,0.606833,0.62
5.44,0.609139,0.617563
5.45,0.611468,0.615149
5.46,0.613821,0.612759
5.47,0.616198,0.610393
5.48,0.618599,0.60805
5.49,0.621024,0.605731
5.5,0.623472,0.603435
5.51,0.625945,0.601163
5.52,0.628441,0.598914
5.53,0.630962,0.596689
5.54,0.633507,0.594487
5.55,0.636075,0.592308
5.56,0.638669,0.590153
5.57,0.641286,0.58802
5.58,0.643928,0.585911
5.59,0.646595,0.583825
5.6,0.649286,0.581762
5.61,0.652001,0.579721
5.62,0.654741,0.577704
5.63,0.657506,0.575709
5.64,0.660296,0.573737
5.65,0.663111,0.571788
5.66,0.66595,0.569862
5.67,0.668815,0.567959
5.68,0.671704,0.566078
5.69,0.674619,0.564219
5.7,0.677559,0.562383
5.71,0.680524,0.56057
5.72,0.683514,0.558779
5.73,0.68653,0.557011
5.74,0.689571,0.555264
5.75,0.692638,0.553541
5.76,0.695731,0.551839
5.77,0.698849,0.55016
5.78,0.701992,0.548504
5.79,0.705162,0.546869
5.8,0.708357,0.545257
5.81,0.711578,0.543666
5.82,0.714825,0.542098
5.83,0.718099,0.540552
5.84,0.721398,0.539029
5.85,0.724723,0.537527
5.86,0.728075,0.536047
5.87,0.731453,0.534589
5.88,0.734857,0.533154
5.89,0.738288,0.53174
5.9,0.741745,0.530349
5.91,0.745229,0.528979
5.92,0.748739,0.527631
5.93,0.752276,0.526306
5.94,0.755839,0.525002
5.95,0.759429,0.52372
5.96,0.763046,0.52246
5.97,0.76669,0.521222
5.98,0.770361,0.520006
5.99,0.774059,0.518812
6,0.777783,0.51764
6.01,0.781535,0.516489
6.02,0.785314,0.515361
6.03,0.78912,0.514255
6.04,0.792953,0.51317
6.05,0.796813,0.512108
6.06,0.800701,0.511067
6.07,0.804616,0.510048
6.08,0.808558,0.509052
6.09,0.812527,0.508077
6.1,0.816524,0.507125
6.11,0.820549,0.506194
6.12,0.824601,0.505286
6.13,0.82868,0.5044
6.14,0.832787,0.503536
6.15,0.836922,0.502694
6.16,0.841084,0.501874
6.17,0.845273,0.501076
6.18,0.849491,0.500301
6.19,0.853735,0.499548
6.2,0.858008,0.498817
6.21,0.862308,0.498109
6.22,0.866636,0.497423
6.23,0.870992,0.49676
6.24,0.875375,0.496119
6.25,0.879786,0.495501
6.26,0.884224,0.494905
6.27,0.88869,0.494332
6.28,0.893184,0.493782
6.29,0.897706,0.493254
6.3,0.902255,0.49275
6.31,0.906831,0.492268
6.32,0.911436,0.49181
6.33,0.916067,0.491374
6.34,0.920727,0.490962
6.35,0.925414,0.490572
6.36,0.930128,0.490206
6.37,0.93487,0.489864
6.38,0.939639,0.489545
6.39,0.944435,0.489249
6.4,0.949259,0.488978
6.41,0.95411,0.488729
6.42,0.958988,0.488505
6.43,0.963893,0.488305
6.44,0.968825,0.488128
6.45,0.973784,0.487976
6.46,0.97877,0.487848
6.47,0.983783,0.487745
6.48,0.988823,0.487666
6.49,0.993889,0.487611
6.5,0.998981,0.487581
6.51,1.0041,0.487576
6.52,1.00925,0.487596
6.53,1.01442,0.487642
6.54,1.01961,0.487712
6.55,1.02484,0.487807
6.56,1.03009,0.487929
6.57,1.03536,0.488075
6.58,1.04066,0.488248
6.59,1.04599,0.488447
6.6,1.05134,0.488671
6.61,1.05671,0.488922
6.62,1.06211,0.489199
6.63,1.06754,0.489503
6.64,1.07299,0.489834
6.65,1.07846,0.490191
6.66,1.08396,0.490576
6.67,1.08948,0.490988
6.68,1.09503,0.491427
6.69,1.1006,0.491894
6.7,1.10619,0.492389
6.71,1.11181,0.492912
6.72,1.11744,0.493463
6.73,1.1231,0.494043
6.74,1.12879,0.494651
6.75,1.13449,0.495288
6.76,1.14022,0.495954
6.77,1.14596,0.496649
6.78,1.15173,0.497374
6.79,1.15752,0.498129
6.8,1.16333,0.498914
6.81,1.16916,0.499728
6.82,1.17501,0.500574
6.83,1.18088,0.50145
6.84,1.18676,0.502357
6.85,1.19267,0.503295
6.86,1.19859,0.504265
6.87,1.20454,0.505266
6.88,1.2105,0.5063
6.89,1.21647,0.507365
6.9,1.22246,0.508464
6.91,1.22847,0.509595
6.92,1.2345,0.510759
6.93,1.24054,0.511957
6.94,1.24659,0.513188
6.95,1.25266,0.514454
6.96,1.25874,0.515754
6.97,1.26484,0.517088
6.98,1.27095,0.518458
6.99,1.27707,0.519862
7,1.2832,0.521303
7.01,1.28934,0.522779
7.02,1.29549,0.524292
7.03,1.30166,0.525841
7.04,1.30783,0.527427
7.05,1.31401,0.529051
7.06,1.3202,0.530712
7.07,1.32639,0.532411
7.08,1.33259,0.534149
7.09,1.3388,0.535926
7.1,1.34502,0.537741
7.11,1.35123,0.539597
7.12,1.35745,0.541492
7.13,1.36368,0.543427
7.14,1.3699,0.545404
7.15,1.37613,0.547421
7.16,1.38236,0.54948
7.17,1.38859,0.551581
7.18,1.39481,0.553725
7.19,1.40104,0.555911
7.2,1.40726,0.55814
7.21,1.41348,0.560413
7.22,1.41969,0.56273
7.23,1.4259,0.565092
7.24,1.4321,0.567499
7.25,1.4383,0.569951
7.26,1.44448,0.572449
7.27,1.45066,0.574994
7.28,1.45682,0.577585
7.29,1.46298,0.580223
7.3,1.46912,0.58291
7.31,1.47524,0.585644
7.32,1.48136,0.588427
7.33,1.48745,0.59126
7.34,1.49353,0.594142
7.35,1.4996,0.597074
7.36,1.50564,0.600057
7.37,1.51166,0.603091
7.38,1.51766,0.606177
7.39,1.52364,0.609315
7.4,1.52959,0.612506
7.41,1.53552,0.615749
7.42,1.54142,0.619047
7.43,1.54729,0.622398
7.44,1.55313,0.625805
7.45,1.55894,0.629266
7.46,1.56472,0.632784
7.47,1.57047,0.636357
7.48,1.57618,0.639987
7.49,1.58185,0.643675
7.5,1.58749,0.64742
7.51,1.59309,0.651223
7.52,1.59864,0.655086
7.53,1.60416,0.659007
7.54,1.60963,0.662989
7.55,1.61505,0.667031
7.56,1.62043,0.671133
7.57,1.62576,0.675297
7.58,1.63104,0.679523
7.59,1.63626,0.683811
7.6,1.64144,0.688162
7.61,1.64656,0.692576
7.62,1.65162,0.697054
7.63,1.65662,0.701596
7.64,1.66157,0.706203
7.65,1.66645,0.710875
7.66,1.67127,0.715612
7.67,1.67602,0.720416
7.68,1.6807,0.725286
7.69,1.68532,0.730223
7.7,1.68987,0.735228
7.71,1.69434,0.7403
7.72,1.69874,0.74544
7.73,1.70307,0.750649
7.74,1.70731,0.755926
7.75,1.71148,0.761273
7.76,1.71557,0.766689
7.77,1.71957,0.772175
7.78,1.72349,0.777732
7.79,1.72732,0.783359
7.8,1.73106,0.789056
7.81,1.73471,0.794825
7.82,1.73827,0.800664
7.83,1.74174,0.806575
7.84,1.7451,0.812558
7.85,1.74838,0.818612
7.86,1.75155,0.824739
7.87,1.75462,0.830937
7.88,1.75758,0.837207
7.89,1.76044,0.84355
7.9,1.7632,0.849965
7.91,1.76584,0.856451
7.92,1.76838,0.863011
7.93,1.7708,0.869642
7.94,1.77311,0.876345
7.95,1.7753,0.88312
7.96,1.77738,0.889967
7.97,1.77933,0.896885
7.98,1.78117,0.903875
7.99,1.78288,0.910936
8,1.78447,0.918067
8.01,1.78593,0.925269
8.02,1.78726,0.932541
8.03,1.78847,0.939883
8.04,1.78955,0.947293
8.05,1.79049,0.954773
8.06,1.7913,0.96232
8.07,1.79197,0.969935
8.08,1.79251,0.977617
8.09,1.79291,0.985364
8.1,1.79318,0.993177
8.11,1.7933,1.00106
8.12,1.79328,1.009
8.13,1.79312,1.017
8.14,1.79281,1.02507
8.15,1.79236,1.03319
8.16,1.79177,1.04138
8.17,1.79103,1.04963
8.18,1.79014,1.05793
8.19,1.7891,1.06629
8.2,1.78792,1.0747
8.21,1.78658,1.08317
8.22,1.78509,1.09169
8.23,1.78346,1.10026
8.24,1.78167,1.10888
8.25,1.77973,1.11755
8.26,1.77764,1.12626
8.27,1.77539,1.13502
8.28,1.773,1.14382
8.29,1.77045,1.15266
8.3,1.76774,1.16154
8.31,1.76489,1.17046
8.32,1.76188,1.17941
8.33,1.75872,1.1884
8.34,1.7554,1.19742
8.35,1.75194,1.20646
8.36,1.74832,1.21553
8.37,1.74455,1.22463
8.38,1.74063,1.23375
8.39,1.73657,1.24288
8.4,1.73235,1.25204
8.41,1.72798,1.26121
8.42,1.72347,1.27039
8.43,1.71881,1.27958
8.44,1.714,1.28878
8.45,1.70905,1.29798
8.46,1.70396,1.30718
8.47,1.69873,1.31639
8.48,1.69335,1.32558
8.49,1.68784,1.33477
8.5,1.68219,1.34396
8.51,1.6764,1.35312
8.52,1.67048,1.36228
8.53,1.66443,1.37141
8.54,1.65825,1.38052
8.55,1.65194,1.38961
8.56,1.6455,1.39867
8.57,1.63894,1.4077
8.58,1.63226,1.41669
8.59,1.62546,1.42565
8.6,1.61854,1.43457
8.61,1.61151,1.44344
8.62,1.60436,1.45227
8.63,1.5971,1.46104
8.64,1.58974,1.46977
8.65,1.58227,1.47843
8.66,1.5747,1.48704
8.67,1.56703,1.49559
8.68,1.55927,1.50407
8.69,1.55141,1.51248
8.7,1.54346,1.52082
8.71,1.53542,1.52909
8.72,1.52729,1.53727
8.73,1.51909,1.54538
8.74,1.5108,1.5534
8.75,1.50244,1.56134
8.76,1.49401,1.56918
8.77,1.48551,1.57693
8.78,1.47694,1.58459
8.79,1.4683,1.59215
8.8,1.45961,1.5996
8.81,1.45086,1.60695
8.82,1.44205,1.6142
8.83,1.43319,1.62134
8.84,1.42429,1.62836
8.85,1.41534,1.63527
8.86,1.40635,1.64206
8.87,1.39732,1.64873
8.88,1.38825,1.65528
8.89,1.37915,1.66171
8.9,1.37003,1.66801
8.91,1.36088,1.67418
8.92,1.3517,1.68022
8.93,1.34251,1.68613
8.94,1.3333,1.69191
8.95,1.32407,1.69755
8.96,1.31483,1.70305
8.97,1.30559,1.70841
8.98,1.29634,1.71363
8.99,1.28709,1.71871
9,1.27784,1.72364
9.01,1.26859,1.72843
9.02,1.25935,1.73307
9.03,1.25012,1.73757
9.04,1.2409,1.74192
9.05,1.23169,1.74611
9.06,1.2225,1.75016
9.07,1.21333,1.75405
9.08,1.20418,1.75779
9.09,1.19506,1.76138
9.1,1.18596,1.76482
9.11,1.17689,1.7681
9.12,1.16785,1.77123
9.13,1.15884,1.7742
9.14,1.14987,1.77702
9.15,1.14094,1.77968
9.16,1.13204,1.78219
9.17,1.12319,1.78454
9.18,1.11437,1.78674
9.19,1.10561,1.78879
9.2,1.09689,1.79067
9.21,1.08821,1.79241
9.22,1.07959,1.79399
9.23,1.07102,1.79542
9.24,1.0625,1.79669
9.25,1.05403,1.79782
9.26,1.04563,1.79879
9.27,1.03727,1.79961
9.28,1.02898,1.80028
9.29,1.02074,1.8008
9.3,1.01257,1.80117
9.31,1.00446,1.8014
9.32,0.996408,1.80148
9.33,0.988422,1.80142
9.34,0.9805,1.80121
9.35,0.972644,1.80086
9.36,0.964855,1.80036
9.37,0.957133,1.79973
9.38,0.949478,1.79896
9.39,0.941892,1.79805
9.4,0.934375,1.79701
9.41,0.926928,1.79583
9.42,0.919552,1.79451
9.43,0.912246,1.79307
9.44,0.905011,1.7915
9.45,0.897848,1.7898
9.46,0.890757,1.78797
9.47,0.883738,1.78601
9.48,0.876791,1.78394
9.49,0.869918,1.78174
9.5,0.863117,1.77942
9.51,0.85639,1.77699
9.52,0.849736,1.77443
9.53,0.843155,1.77177
9.54,0.836648,1.76899
9.55,0.830214,1.7661
9.56,0.823854,1.7631
9.57,0.817567,1.76
9.58,0.811354,1.75678
9.59,0.805214,1.75347
9.6,0.799147,1.75006
9.61,0.793153,1.74654
9.62,0.787231,1.74293
9.63,0.781383,1.73922
9.64,0.775607,1.73542
9.65,0.769903,1.73152
9.66,0.764271,1.72754
9.67,0.75871,1.72347
9.68,0.753221,1.71931
9.69,0.747803,1.71506
9.7,0.742456,1.71074
9.71,0.737179,1.70633
9.72,0.731972,1.70185
9.73,0.726835,1.69729
9.74,0.721767,1.69265
9.75,0.716767,1.68794
9.76,0.711836,1.68316
9.77,0.706973,1.67831
9.78,0.702178,1.67339
9.79,0.69745,1.66841
9.8,0.692788,1.66336
9.81,0.688192,1.65825
9.82,0.683662,1.65308
9.83,0.679197,1.64785
9.84,0.674797,1.64256
9.85,0.670461,1.63722
9.86,0.666189,1.63183
9.87,0.661979,1.62638
9.88,0.657833,1.62088
9.89,0.653749,1.61534
9.9,0.649726,1.60974
9.91,0.645764,1.60411
9.92,0.641863,1.59842
9.93,0.638022,1.5927
9.94,0.63424,1.58693
9.95,0.630518,1.58113
9.96,0.626854,1.57529
9.97,0.623248,1.56941
9.98,0.619699,1.5635
9.99,0.616207,1.55755
10,0.612771,1.55157
10.01,0.609391,1.54556
10.02,0.606067,1.53953
10.03,0.602797,1.53346
10.04,0.599581,1.52737
10.05,0.596419,1.52126
10.06,0.59331,1.51512
10.07,0.590254,1.50895
10.08,0.58725,1.50277
10.09,0.584297,1.49657
10.1,0.581396,1.49035
10.11,0.578545,1.48411
10.12,0.575744,1.47785
10.13,0.572993,1.47158
10.14,0.570291,1.4653
10.15,0.567637,1.459
10.16,0.565032,1.4527
10.17,0.562474,1.44638
10.18,0.559963,1.44005
10.19,0.557499,1.43371
10.2,0.555081,1.42737
10.21,0.552709,1.42102
10.22,0.550382,1.41466
10.23,0.5481,1.4083
10.24,0.545862,1.40194
10.25,0.543668,1.39557
10.26,0.541517,1.3892
10.27,0.53941,1.38283
10.28,0.537345,1.37646
10.29,0.535322,1.37009
10.3,0.53334,1.36373
10.31,0.531401,1.35736
10.32,0.529502,1.351
10.33,0.527643,1.34465
10.34,0.525824,1.3383
10.35,0.524046,1.33195
10.36,0.522306,1.32561
10.37,0.520605,1.31928
10.38,0.518943,1.31295
10.39,0.517319,1.30664
10.4,0.515733,1.30033
10.41,0.514184,1.29403
10.42,0.512672,1.28775
10.43,0.511197,1.28147
10.44,0.509758,1.27521
10.45,0.508355,1.26896
10.46,0.506988,1.26272
10.47,0.505656,1.25649
10.48,0.504359,1.25028
10.49,0.503097,1.24408
10.5,0.501869,1.2379
10.51,0.500675,1.23173
10.52,0.499515,1.22558
10.53,0.498388,1.21945
10.54,0.497294,1.21333
10.55,0.496233,1.20723
10.56,0.495205,1.20115
10.57,0.494209,1.19509
10.58,0.493244,1.18904
10.59,0.492312,1.18302
10.6,0.491411,1.17701
10.61,0.490541,1.17103
10.62,0.489702,1.16506
10.63,0.488894,1.15912
10.64,0.488116,1.15319
10.65,0.487368,1.14729
10.66,0.48665,1.14141
10.67,0.485962,1.13555
10.68,0.485304,1.12971
10.69,0.484674,1.1239
10.7,0.484074,1.1181
10.71,0.483502,1.11234
10.72,0.482959,1.10659
10.73,0.482444,1.10087
10.74,0.481957,1.09517
10.75,0.481499,1.0895
10.76,0.481068,1.08385
10.77,0.480664,1.07822
10.78,0.480288,1.07262
10.79,0.47994,1.06705
10.8,0.479618,1.0615
10.81,0.479323,1.05598
10.82,0.479054,1.05048
10.83,0.478813,1.04501
10.84,0.478597,1.03956
10.85,0.478408,1.03414
10.86,0.478244,1.02875
10.87,0.478107,1.02338
10.88,0.477995,1.01804
10.89,0.477909,1.01272
10.9,0.477848,1.00744
10.91,0.477813,1.00217
10.92,0.477802,0.996942
10.93,0.477817,0.991736
10.94,0.477856,0.986557
10.95,0.477921,0.981406
10.96,0.47801,0.976282
10.97,0.478123,0.971186
10.98,0.478261,0.966117
10.99,0.478423,0.961077
11,0.478609,0.956064
11.01,0.478819,0.951079
11.02,0.479053,0.946122
11.03,0.479312,0.941194
11.04,0.479593,0.936293
11.05,0.479899,0.93142
11.06,0.480228,0.926576
11.07,0.480581,0.92176
11.08,0.480957,0.916972
11.09,0.481356,0.912213
11.1,0.481779,0.907482
11.11,0.482224,0.902779
11.12,0.482693,0.898104
11.13,0.483185,0.893458
11.14,0.4837,0.888841
11.15,0.484237,0.884252
11.16,0.484798,0.879691
11.17,0.485381,0.875159
11.18,0.485987,0.870655
11.19,0.486616,0.86618
11.2,0.487267,0.861733
11.21,0.487941,0.857315
11.22,0.488637,0.852925
11.23,0.489356,0.848563
11.24,0.490097,0.84423
11.25,0.49086,0.839925
11.26,0.491646,0.835649
11.27,0.492454,0.831401
11.28,0.493284,0.827181
11.29,0.494137,0.82299
11.3,0.495011,0.818827
11.31,0.495908,0.814692
11.32,0.496827,0.810585
11.33,0.497768,0.806506
11.34,0.498731,0.802456
11.35,0.499716,0.798433
11.36,0.500724,0.794439
11.37,0.501753,0.790472
11.38,0.502804,0.786534
11.39,0.503878,0.782623
11.4,0.504973,0.77874
11.41,0.50609,0.774885
11.42,0.50723,0.771058
11.43,0.508391,0.767259
11.44,0.509574,0.763487
11.45,0.510779,0.759742
11.46,0.512006,0.756026
11.47,0.513256,0.752336
11.48,0.514527,0.748674
11.49,0.51582,0.74504
11.5,0.517135,0.741432
11.51,0.518472,0.737852
11.52,0.519831,0.734299
11.53,0.521213,0.730773
11.54,0.522616,0.727274
11.55,0.524041,0.723803
11.56,0.525488,0.720358
11.57,0.526958,0.716939
11.58,0.52845,0.713548
11.59,0.529963,0.710183
11.6,0.531499,0.706845
11.61,0.533057,0.703534
11.62,0.534638,0.700248
11.63,0.53624,0.69699
11.64,0.537865,0.693757
11.65,0.539512,0.690551
11.66,0.541182,0.687371
11.67,0.542874,0.684218
11.68,0.544588,0.68109
11.69,0.546325,0.677988
11.7,0.548084,0.674912
11.71,0.549866,0.671862
11.72,0.55167,0.668838
11.73,0.553497,0.665839
11.74,0.555347,0.662866
11.75,0.557219,0.659919
11.76,0.559114,0.656997
11.77,0.561032,0.6541
11.78,0.562972,0.651229
11.79,0.564936,0.648383
11.8,0.566922,0.645562
11.81,0.568931,0.642766
11.82,0.570964,0.639995
11.83,0.573019,0.63725
11.84,0.575098,0.634529
11.85,0.5772,0.631833
11.86,0.579325,0.629161
11.87,0.581473,0.626515
11.88,0.583645,0.623892
11.89,0.58584,0.621295
11.9,0.588059,0.618722
11.91,0.590301,0.616173
11.92,0.592567,0.613648
11.93,0.594856,0.611148
11.94,0.597169,0.608672
11.95,0.599506,0.60622
11.96,0.601867,0.603792
11.97,0.604251,0.601388
11.98,0.60666,0.599008
11.99,0.609093,0.596652
12,0.611549,0.59432
12.01,0.61403,0.592011
12.02,0.616535,0.589726
12.03,0.619065,0.587465
12.04,0.621619,0.585227
12.05,0.624197,0.583013
12.06,0.6268,0.580822
12.07,0.629427,0.578654
12.08,0.632079,0.57651
12.09,0.634756,0.574389
12.1,0.637458,0.572291
12.11,0.640184,0.570216
12.12,0.642936,0.568164
12.13,0.645712,0.566136
12.14,0.648514,0.56413
12.15,0.65134,0.562147
12.16,0.654192,0.560187
12.17,0.657069,0.55825
12.18,0.659972,0.556335
12.19,0.6629,0.554444
12.2,0.665854,0.552575
12.21,0.668833,0.550728
12.22,0.671838,0.548904
12.23,0.674868,0.547103
12.24,0.677925,0.545324
12.25,0.681007,0.543568
12.26,0.684116,0.541834
12.27,0.68725,0.540122
12.28,0.69041,0.538433
12.29,0.693597,0.536766
12.3,0.69681,0.535122
12.31,0.700049,0.533499
12.32,0.703315,0.531899
12.33,0.706607,0.530321
12.34,0.709926,0.528765
12.35,0.713272,0.527231
12.36,0.716644,0.525719
12.37,0.720043,0.52423
12.38,0.723468,0.522762
12.39,0.726921,0.521317
12.4,0.730401,0.519893
12.41,0.733907,0.518491
12.42,0.737441,0.517112
12.43,0.741002,0.515754
12.44,0.744591,0.514418
12.45,0.748206,0.513104
12.46,0.751849,0.511812
12.47,0.75552,0.510542
12.48,0.759218,0.509294
12.49,0.762943,0.508068
12.5,0.766696,0.506863
12.51,0.770477,0.505681
12.52,0.774286,0.50452
12.53,0.778122,0.503381
12.54,0.781986,0.502264
12.55,0.785879,0.501169
12.56,0.789799,0.500096
12.57,0.793747,0.499045
12.58,0.797723,0.498016
12.59,0.801728,0.497009
12.6,0.80576,0.496023
12.61,0.809821,0.49506
12.62,0.81391,0.494118
12.63,0.818028,0.493199
12.64,0.822174,0.492301
12.65,0.826348,0.491426
12.66,0.83055,0.490572
12.67,0.834781,0.489741
12.68,0.839041,0.488932
12.69,0.843329,0.488145
12.7,0.847646,0.48738
12.71,0.851991,0.486638
12.72,0.856365,0.485917
12.73,0.860767,0.485219
12.74,0.865198,0.484544
12.75,0.869658,0.483891
12.76,0.874146,0.48326
12.77,0.878663,0.482652
12.78,0.883209,0.482066
12.79,0.887783,0.481503
12.8,0.892387,0.480963
12.81,0.897018,0.480445
12.82,0.901679,0.47995
12.83,0.906368,0.479478
12.84,0.911086,0.47903
12.85,0.915832,0.478604
12.86,0.920608,0.478201
12.87,0.925411,0.477821
12.88,0.930244,0.477465
12.89,0.935104,0.477132
12.9,0.939994,0.476822
12.91,0.944912,0.476536
12.92,0.949858,0.476273
12.93,0.954833,0.476035
12.94,0.959836,0.47582
12.95,0.964867,0.475628
12.96,0.969926,0.475461
12.97,0.975014,0.475318
12.98,0.98013,0.4752
12.99,0.985273,0.475105
13,0.990445,0.475035
13.01,0.995645,0.47499
13.02,1.00087,0.474969
13.03,1.00613,0.474973
13.04,1.01141,0.475002
13.05,1.01672,0.475057
13.06,1.02206,0.475136
13.07,1.02742,0.475241
13.08,1.03281,0.475371
13.09,1.03823,0.475527
13.1,1.04368,0.475709
13.11,1.04915,0.475917
13.12,1.05465,0.476151
13.13,1.06017,0.476411
13.14,1.06572,0.476697
13.15,1.0713,0.477011
13.16,1.0769,0.477351
13.17,1.08253,0.477718
13.18,1.08818,0.478112
13.19,1.09386,0.478534
13.2,1.09957,0.478983
13.21,1.1053,0.47946
13.22,1.11105,0.479965
13.23,1.11683,0.480498
13.24,1.12263,0.481059
13.25,1.12845,0.481649
13.26,1.1343,0.482268
13.27,1.14018,0.482915
13.28,1.14607,0.483592
13.29,1.15199,0.484299
13.3,1.15793,0.485035
13.31,1.16389,0.485801
13.32,1.16988,0.486597
13.33,1.17589,0.487424
13.34,1.18191,0.488281
13.35,1.18796,0.489169
13.36,1.19403,0.490089
13.37,1.20012,0.49104
13.38,1.20623,0.492022
13.39,1.21235,0.493037
13.4,1.2185,0.494084
13.41,1.22466,0.495163
13.42,1.23085,0.496276
13.43,1.23705,0.497422
13.44,1.24326,0.498601
13.45,1.2495,0.499814
13.46,1.25575,0.501061
13.47,1.26201,0.502342
13.48,1.26829,0.503658
13.49,1.27459,0.50501
13.5,1.2809,0.506396
13.51,1.28722,0.507819
13.52,1.29356,0.509277
13.53,1.2999,0.510772
13.54,1.30626,0.512304
13.55,1.31263,0.513873
13.56,1.31901,0.51548
13.57,1.32541,0.517124
13.58,1.33181,0.518807
13.59,1.33821,0.520528
13.6,1.34463,0.522289
13.61,1.35105,0.524089
13.62,1.35748,0.525929
13.63,1.36392,0.527809
13.64,1.37036,0.52973
13.65,1.3768,0.531691
13.66,1.38325,0.533695
13.67,1.3897,0.53574
13.68,1.39615,0.537828
13.69,1.40261,0.539959
13.7,1.40906,0.542133
13.71,1.41551,0.54435
13.72,1.42196,0.546612
13.73,1.42841,0.548919
13.74,1.43485,0.55127
13.75,1.44129,0.553667
13.76,1.44772,0.556111
13.77,1.45415,0.5586
13.78,1.46057,0.561137
13.79,1.46698,0.563722
13.8,1.47338,0.566354
13.81,1.47977,0.569035
13.82,1.48614,0.571765
13.83,1.49251,0.574545
13.84,1.49886,0.577374
13.85,1.50519,0.580255
13.86,1.51151,0.583186
13.87,1.51781,0.586169
13.88,1.52409,0.589204
13.89,1.53035,0.592292
13.9,1.53659,0.595434
13.91,1.54281,0.598629
13.92,1.549,0.601878
13.93,1.55517,0.605182
13.94,1.56131,0.608542
13.95,1.56742,0.611958
13.96,1.5735,0.61543
13.97,1.57955,0.61896
13.98,1.58557,0.622547
13.99,1.59156,0.626193
14,1.59751,0.629897
14.01,1.60342,0.63366
14.02,1.60929,0.637484
14.03,1.61513,0.641368
14.04,1.62092,0.645313
14.05,1.62667,0.64932
14.06,1.63237,0.653389
14.07,1.63803,0.657521
14.08,1.64364,0.661716
14.09,1.6492,0.665976
14.1,1.65471,0.670299
14.11,1.66016,0.674688
14.12,1.66557,0.679142
14.13,1.67091,0.683662
14.14,1.6762,0.688248
14.15,1.68142,0.692902
14.16,1.68658,0.697624
14.17,1.69168,0.702414
14.18,1.69672,0.707272
14.19,1.70169,0.7122
14.2,1.70658,0.717197
14.21,1.71141,0.722265
14.22,1.71616,0.727403
14.23,1.72084,0.732613
14.24,1.72544,0.737894
14.25,1.72996,0.743247
14.26,1.73441,0.748672
14.27,1.73876,0.75417
14.28,1.74304,0.759742
14.29,1.74723,0.765387
14.3,1.75133,0.771106
14.31,1.75533,0.7769
14.32,1.75925,0.782768
14.33,1.76307,0.788711
14.34,1.7668,0.794729
14.35,1.77042,0.800823
14.36,1.77395,0.806993
14.37,1.77737,0.813239
14.38,1.78069,0.819561
14.39,1.78391,0.825959
14.4,1.78701,0.832434
14.41,1.79001,0.838985
14.42,1.79289,0.845613
14.43,1.79566,0.852318
14.44,1.79831,0.8591
14.45,1.80084,0.865958
14.46,1.80326,0.872893
14.47,1.80555,0.879904
14.48,1.80772,0.886992
14.49,1.80976,0.894157
14.5,1.81167,0.901397
14.51,1.81346,0.908714
14.52,1.81512,0.916106
14.53,1.81664,0.923573
14.54,1.81803,0.931115
14.55,1.81928,0.938732
14.56,1.82039,0.946423
14.57,1.82137,0.954187
14.58,1.8222,0.962025
14.59,1.8229,0.969935
14.6,1.82344,0.977916
14.61,1.82385,0.985969
14.62,1.8241,0.994092
14.63,1.82421,1.00228
14.64,1.82417,1.01054
14.65,1.82398,1.01887
14.66,1.82363,1.02727
14.67,1.82314,1.03573
14.68,1.82248,1.04426
14.69,1.82168,1.05284
14.7,1.82071,1.06149
14.71,1.8196,1.07021
14.72,1.81832,1.07898
14.73,1.81688,1.08781
14.74,1.81529,1.09669
14.75,1.81353,1.10563
14.76,1.81162,1.11463
14.77,1.80954,1.12368
14.78,1.8073,1.13277
14.79,1.8049,1.14192
14.8,1.80234,1.15111
14.81,1.79962,1.16034
14.82,1.79673,1.16962
14.83,1.79368,1.17894
14.84,1.79047,1.1883
14.85,1.7871,1.19769
14.86,1.78357,1.20712
14.87,1.77987,1.21658
14.88,1.77602,1.22607
14.89,1.772,1.23558
14.9,1.76783,1.24512
14.91,1.7635,1.25468
14.92,1.75901,1.26426
14.93,1.75436,1.27385
14.94,1.74955,1.28346
14.95,1.74459,1.29308
14.96,1.73948,1.30271
14.97,1.73422,1.31235
14.98,1.7288,1.32198
14.99,1.72323,1.33162
15,1.71752,1.34125
15.01,1.71166,1.35087
15.02,1.70565,1.36048
15.03,1.6995,1.37008
15.04,1.69321,1.37967
15.05,1.68678,1.38923
15.06,1.68022,1.39877
15.07,1.67352,1.40829
15.08,1.66669,1.41777
15.09,1.65972,1.42722
15.1,1.65263,1.43664
15.11,1.64542,1.44602
15.12,1.63808,1.45535
15.13,1.63062,1.46464
15.14,1.62304,1.47387
15.15,1.61535,1.48305
15.16,1.60755,1.49218
15.17,1.59964,1.50125
15.18,1.59162,1.51025
15.19,1.5835,1.51918
15.2,1.57527,1.52805
15.21,1.56696,1.53684
15.22,1.55854,1.54555
15.23,1.55004,1.55418
15.24,1.54145,1.56273
15.25,1.53278,1.57119
15.26,1.52402,1.57956
15.27,1.51519,1.58784
15.28,1.50628,1.59602
15.29,1.49731,1.6041
15.3,1.48826,1.61208
15.31,1.47915,1.61995
15.32,1.46998,1.62771
15.33,1.46075,1.63536
15.34,1.45147,1.6429
15.35,1.44214,1.65032
15.36,1.43276,1.65761
15.37,1.42334,1.66479
15.38,1.41388,1.67183
15.39,1.40438,1.67875
15.4,1.39485,1.68554
15.41,1.38528,1.6922
15.42,1.3757,1.69872
15.43,1.36608,1.7051
15.44,1.35645,1.71134
15.45,1.3468,1.71744
15.46,1.33714,1.7234
15.47,1.32747,1.72921
15.48,1.31779,1.73487
15.49,1.3081,1.74038
15.5,1.29842,1.74574
15.51,1.28874,1.75095
15.52,1.27906,1.75601
15.53,1.26939,1.76091
15.54,1.25973,1.76565
15.55,1.25008,1.77024
15.56,1.24045,1.77467
15.57,1.23085,1.77893
15.58,1.22126,1.78304
15.59,1.2117,1.78699
15.6,1.20216,1.79077
15.61,1.19265,1.79439
15.62,1.18318,1.79785
15.63,1.17374,1.80114
15.64,1.16434,1.80427
15.65,1.15497,1.80723
15.66,1.14565,1.81003
15.67,1.13637,1.81267
15.68,1.12713,1.81514
15.69,1.11794,1.81745
15.7,1.10881,1.81959
15.71,1.09972,1.82157
15.72,1.09068,1.82339
15.73,1.0817,1.82504
15.74,1.07278,1.82653
15.75,1.06391,1.82786
15.76,1.0551,1.82903
15.77,1.04636,1.83004
15.78,1.03767,1.83089
15.79,1.02905,1.83158
15.8,1.02049,1.83211
15.81,1.012,1.83249
15.82,1.00358,1.83271
15.83,0.995219,1.83277
15.84,0.986931,1.83268
15.85,0.978713,1.83244
15.86,0.970566,1.83205
15.87,0.96249,1.83151
15.88,0.954487,1.83083
15.89,0.946557,1.82999
15.9,0.938701,1.82902
15.91,0.930919,1.82789
15.92,0.923212,1.82663
15.93,0.91558,1.82523
15.94,0.908024,1.82369
15.95,0.900545,1.82201
15.96,0.893143,1.8202
15.97,0.885817,1.81825
15.98,0.878569,1.81618
15.99,0.871398,1.81397
16,0.864305,1.81164
16.01,0.85729,1.80918
16.02,0.850353,1.8066
16.03,0.843494,1.8039
16.04,0.836713,1.80107
16.05,0.830011,1.79813
16.06,0.823386,1.79508
16.07,0.816839,1.79191
16.08,0.810371,1.78862
16.09,0.80398,1.78523
16.1,0.797667,1.78173
16.11,0.791431,1.77813
16.12,0.785273,1.77442
16.13,0.779192,1.77061
16.14,0.773187,1.7667
16.15,0.767259,1.76269
16.16,0.761407,1.75859
16.17,0.755631,1.75439
16.18,0.749931,1.75011
16.19,0.744306,1.74573
16.2,0.738755,1.74127
16.21,0.733279,1.73672
16.22,0.727877,1.73208
16.23,0.722548,1.72737
16.24,0.717293,1.72258
16.25,0.71211,1.71771
16.26,0.706999,1.71276
16.27,0.70196,1.70775
16.28,0.696991,1.70266
16.29,0.692094,1.6975
16.3,0.687267,1.69227
16.31,0.682509,1.68698
16.32,0.67782,1.68162
16.33,0.6732,1.6762
16.34,0.668648,1.67073
16.35,0.664163,1.66519
16.36,0.659745,1.6596
16.37,0.655393,1.65395
16.38,0.651108,1.64825
16.39,0.646887,1.6425
16.4,0.64273,1.6367
16.41,0.638638,1.63085
16.42,0.634609,1.62496
16.43,0.630643,1.61902
16.44,0.626739,1.61304
16.45,0.622897,1.60702
16.46,0.619116,1.60096
16.47,0.615396,1.59486
16.48,0.611735,1.58873
16.49,0.608133,1.58256
16.5,0.604591,1.57636
16.51,0.601106,1.57013
16.52,0.597679,1.56386
16.53,0.594309,1.55757
16.54,0.590995,1.55125
16.55,0.587737,1.54491
16.56,0.584535,1.53854
16.57,0.581387,1.53215
16.58,0.578293,1.52573
16.59,0.575253,1.5193
16.6,0.572265,1.51285
16.61,0.56933,1.50637
16.62,0.566447,1.49989
16.63,0.563616,1.49338
16.64,0.560835,1.48687
16.65,0.558105,1.48034
16.66,0.555424,1.4738
16.67,0.552792,1.46724
16.68,0.550209,1.46068
16.69,0.547675,1.45411
16.7,0.545188,1.44753
16.71,0.542748,1.44095
16.72,0.540354,1.43436
16.73,0.538007,1.42777
16.74,0.535706,1.42117
16.75,0.53345,1.41457
16.76,0.531238,1.40798
16.77,0.529071,1.40138
16.78,0.526947,1.39478
16.79,0.524867,1.38818
16.8,0.52283,1.38158
16.81,0.520834,1.37499
16.82,0.518881,1.3684
16.83,0.51697,1.36182
16.84,0.515099,1.35524
16.85,0.51327,1.34867
16.86,0.51148,1.3421
16.87,0.50973,1.33555
16.88,0.50802,1.329
16.89,0.506348,1.32246
16.9,0.504716,1.31593
16.91,0.503121,1.30941
16.92,0.501564,1.30291
16.93,0.500045,1.29641
16.94,0.498563,1.28993
16.95,0.497117,1.28346
16.96,0.495708,1.27701
16.97,0.494335,1.27057
16.98,0.492997,1.26415
16.99,0.491695,1.25774
17,0.490428,1.25134
17.01,0.489195,1.24497
17.02,0.487997,1.23861
17.03,0.486833,1.23227
17.04,0.485702,1.22594
17.05,0.484604,1.21964
17.06,0.48354,1.21335
17.07,0.482508,1.20708
17.08,0.481509,1.20084
17.09,0.480542,1.19461
17.1,0.479607,1.18841
17.11,0.478703,1.18222
17.12,0.477831,1.17606
17.13,0.47699,1.16992
17.14,0.476179,1.1638
17.15,0.475399,1.1577
17.16,0.47465,1.15163
17.17,0.47393,1.14558
17.18,0.47324,1.13955
17.19,0.472579,1.13355
17.2,0.471948,1.12757
17.21,0.471346,1.12162
17.22,0.470773,1.11569
17.23,0.470228,1.10978
17.24,0.469712,1.1039
17.25,0.469224,1.09805
17.26,0.468764,1.09222
17.27,0.468332,1.08642
17.28,0.467927,1.08064
17.29,0.46755,1.07489
17.3,0.467199,1.06917
17.31,0.466876,1.06347
17.32,0.46658,1.0578
17.33,0.46631,1.05216
17.34,0.466067,1.04655
17.35,0.46585,1.04096
17.36,0.465659,1.0354
17.37,0.465494,1.02987
17.38,0.465355,1.02436
17.39,0.465242,1.01888
17.4,0.465154,1.01344
17.41,0.465092,1.00802
17.42,0.465054,1.00262
17.43,0.465042,0.99726
17.44,0.465055,0.991926
17.45,0.465093,0.986619
17.46,0.465155,0.981342
17.47,0.465242,0.976093
17.48,0.465353,0.970873
17.49,0.465488,0.965683
17.5,0.465648,0.960521
17.51,0.465832,0.955388
17.52,0.46604,0.950285
17.53,0.466271,0.945211
17.54,0.466527,0.940166
17.55,0.466806,0.93515
17.56,0.467109,0.930164
17.57,0.467435,0.925208
17.58,0.467785,0.92028
17.59,0.468157,0.915382
17.6,0.468554,0.910514
17.61,0.468973,0.905675
17.62,0.469415,0.900866
17.63,0.469881,0.896086
17.64,0.470369,0.891335
17.65,0.47088,0.886615
17.66,0.471414,0.881923
17.67,0.471971,0.877262
17.68,0.47255,0.872629
17.69,0.473152,0.868027
17.7,0.473776,0.863454
17.71,0.474423,0.85891
17.72,0.475092,0.854396
17.73,0.475784,0.849911
17.74,0.476498,0.845456
17.75,0.477235,0.84103
17.76,0.477993,0.836633
17.77,0.478774,0.832266
17.78,0.479577,0.827928
17.79,0.480403,0.823619
17.8,0.48125,0.819339
17.81,0.482119,0.815089
17.82,0.483011,0.810868
17.83,0.483924,0.806676
17.84,0.48486,0.802513
17.85,0.485817,0.798379
17.86,0.486797,0.794274
17.87,0.487798,0.790197
17.88,0.488822,0.78615
17.89,0.489867,0.782131
17.9,0.490934,0.778141
17.91,0.492024,0.77418
17.92,0.493135,0.770248
17.93,0.494268,0.766343
17.94,0.495423,0.762468
17.95,0.496599,0.758621
17.96,0.497798,0.754802
17.97,0.499019,0.751011
17.98,0.500261,0.747249
17.99,0.501526,0.743514
18,0.502812,0.739808
18.01,0.50412,0.73613
18.02,0.50545,0.732479
18.03,0.506803,0.728857
18.04,0.508177,0.725262
18.05,0.509573,0.721695
18.06,0.510991,0.718156
18.07,0.512431,0.714644
18.08,0.513893,0.71116
18.09,0.515378,0.707703
18.1,0.516884,0.704273
18.11,0.518413,0.700871
18.12,0.519964,0.697495
18.13,0.521536,0.694147
18.14,0.523132,0.690826
18.15,0.524749,0.687531
18.16,0.526389,0.684264
18.17,0.528051,0.681023
18.18,0.529735,0.677809
18.19,0.531442,0.674622
18.2,0.533171,0.671461
18.21,0.534923,0.668326
18.22,0.536697,0.665218
18.23,0.538494,0.662136
18.24,0.540313,0.65908
18.25,0.542155,0.65605
18.26,0.54402,0.653047
18.27,0.545907,0.650069
18.28,0.547818,0.647117
18.29,0.549751,0.644191
18.3,0.551707,0.64129
18.31,0.553686,0.638415
18.32,0.555688,0.635566
18.33,0.557713,0.632742
18.34,0.559761,0.629944
18.35,0.561833,0.62717
18.36,0.563927,0.624422
18.37,0.566045,0.621699
18.38,0.568187,0.619002
18.39,0.570351,0.616329
18.4,0.57254,0.613681
18.41,0.574752,0.611057
18.42,0.576987,0.608459
18.43,0.579246,0.605885
18.44,0.581529,0.603336
18.45,0.583836,0.600811
18.46,0.586166,0.598311
18.47,0.588521,0.595835
18.48,0.5909,0.593383
18.49,0.593302,0.590955
18.5,0.595729,0.588552
18.51,0.59818,0.586173
18.52,0.600656,0.583817
18.53,0.603155,0.581486
18.54,0.60568,0.579178
18.55,0.608229,0.576894
18.56,0.610802,0.574634
18.57,0.6134,0.572398
18.58,0.616023,0.570185
18.59,0.618671,0.567995
18.6,0.621344,0.56583
18.61,0.624041,0.563687
18.62,0.626764,0.561568
18.63,0.629512,0.559472
18.64,0.632285,0.557399
18.65,0.635084,0.555349
18.66,0.637908,0.553323
18.67,0.640757,0.551319
18.68,0.643632,0.549339
18.69,0.646532,0.547381
18.7,0.649459,0.545446
18.71,0.652411,0.543534
18.72,0.655389,0.541645
18.73,0.658393,0.539778
18.74,0.661423,0.537934
18.75,0.664479,0.536113
18.76,0.667562,0.534314
18.77,0.67067,0.532538
18.78,0.673806,0.530784
18.79,0.676967,0.529053
18.8,0.680155,0.527344
18.81,0.68337,0.525657
18.82,0.686612,0.523993
18.83,0.68988,0.522351
18.84,0.693175,0.520731
18.85,0.696497,0.519133
18.86,0.699847,0.517557
18.87,0.703223,0.516004
18.88,0.706626,0.514473
18.89,0.710057,0.512963
18.9,0.713516,0.511476
18.91,0.717001,0.510011
18.92,0.720514,0.508567
18.93,0.724055,0.507146
18.94,0.727624,0.505747
18.95,0.73122,0.504369
18.96,0.734844,0.503013
18.97,0.738496,0.50168
18.98,0.742176,0.500368
18.99,0.745885,0.499078
19,0.749621,0.497809
19.01,0.753385,0.496563
19.02,0.757178,0.495338
19.03,0.760999,0.494136
19.04,0.764849,0.492955
19.05,0.768727,0.491795
19.06,0.772634,0.490658
19.07,0.776569,0.489542
19.08,0.780533,0.488449
19.09,0.784526,0.487377
19.1,0.788548,0.486326
19.11,0.792598,0.485298
19.12,0.796678,0.484292
19.13,0.800786,0.483307
19.14,0.804924,0.482344
19.15,0.809091,0.481403
19.16,0.813287,0.480484
19.17,0.817512,0.479587
19.18,0.821766,0.478712
19.19,0.82605,0.477859
19.2,0.830363,0.477027
19.21,0.834706,0.476218
19.22,0.839078,0.475431
19.23,0.843479,0.474666
19.24,0.84791,0.473923
19.25,0.852371,0.473202
19.26,0.856861,0.472504
19.27,0.861381,0.471827
19.28,0.865931,0.471173
19.29,0.87051,0.470542
19.3,0.875119,0.469932
19.31,0.879758,0.469345
19.32,0.884426,0.468781
19.33,0.889125,0.468239
19.34,0.893853,0.46772
19.35,0.89861,0.467224
19.36,0.903398,0.46675
19.37,0.908215,0.466299
19.38,0.913063,0.465871
19.39,0.917939,0.465466
19.4,0.922846,0.465084
19.41,0.927783,0.464725
19.42,0.932749,0.46439
19.43,0.937745,0.464077
19.44,0.94277,0.463788
19.45,0.947826,0.463523
19.46,0.95291,0.463281
19.47,0.958025,0.463063
19.48,0.963169,0.462869
19.49,0.968342,0.462698
19.5,0.973545,0.462552
19.51,0.978778,0.462429
19.52,0.984039,0.462331
19.53,0.98933,0.462257
19.54,0.99465,0.462208
19.55,0.999999,0.462183
19.56,1.00538,0.462183
19.57,1.01078,0.462208
19.58,1.01622,0.462258
19.59,1.02169,0.462333
19.6,1.02718,0.462433
19.61,1.0327,0.462559
19.62,1.03825,0.46271
19.63,1.04383,0.462887
19.64,1.04944,0.46309
19.65,1.05507,0.463319
19.66,1.06073,0.463574
19.67,1.06642,0.463856
19.68,1.07214,0.464164
19.69,1.07788,0.464499
19.7,1.08366,0.46486
19.71,1.08946,0.465249
19.72,1.09528,0.465665
19.73,1.10113,0.466109
19.74,1.10701,0.466581
19.75,1.11292,0.46708
19.76,1.11885,0.467607
19.77,1.12481,0.468163
19.78,1.13079,0.468747
19.79,1.1368,0.46936
19.8,1.14283,0.470002
19.81,1.14888,0.470674
19.82,1.15497,0.471374
19.83,1.16107,0.472105
19.84,1.1672,0.472865
19.85,1.17335,0.473656
19.86,1.17953,0.474477
19.87,1.18573,0.475329
19.88,1.19195,0.476212
19.89,1.19819,0.477126
19.9,1.20446,0.478071
19.91,1.21074,0.479049
19.92,1.21705,0.480058
19.93,1.22338,0.4811
19.94,1.22973,0.482175
19.95,1.23609,0.483283
19.96,1.24248,0.484424
19.97,1.24889,0.485598
19.98,1.25531,0.486807
19.99,1.26175,0.48805
20,1.26821,0.489327
20.01,1.27469,0.49064
20.02,1.28118,0.491988
20.03,1.28769,0.493371
20.04,1.29422,0.49479
20.05,1.30075,0.496246
20.06,1.30731,0.497739
20.07,1.31387,0.499268
20.08,1.32045,0.500835
20.09,1.32704,0.50244
20.1,1.33365,0.504083
20.11,1.34026,0.505765
20.12,1.34688,0.507486
20.13,1.35352,0.509247
20.14,1.36016,0.511047
20.15,1.36681,0.512887
20.16,1.37347,0.514769
20.17,1.38013,0.516691
20.18,1.3868,0.518655
20.19,1.39348,0.520661
20.2,1.40016,0.52271
20.21,1.40684,0.524802
20.22,1.41353,0.526937
20.23,1.42021,0.529116
20.24,1.4269,0.531339
20.25,1.43359,0.533608
20.26,1.44027,0.535921
20.27,1.44696,0.538281
20.28,1.45364,0.540687
20.29,1.46032,0.543139
20.3,1.46699,0.54564
20.31,1.47365,0.548188
20.32,1.48031,0.550784
20.33,1.48696,0.55343
20.34,1.4936,0.556125
20.35,1.50023,0.55887
20.36,1.50685,0.561665
20.37,1.51345,0.564512
20.38,1.52004,0.567411
20.39,1.52662,0.570361
20.4,1.53318,0.573365
20.41,1.53972,0.576422
20.42,1.54624,0.579533
20.43,1.55274,0.582699
20.44,1.55922,0.58592
20.45,1.56568,0.589196
20.46,1.57211,0.592529
20.47,1.57852,0.595919
20.48,1.5849,0.599367
20.49,1.59124,0.602872
20.5,1.59756,0.606437
20.51,1.60385,0.610061
20.52,1.61011,0.613744
20.53,1.61632,0.617489
20.54,1.62251,0.621295
20.55,1.62865,0.625162
20.56,1.63476,0.629092
20.57,1.64082,0.633086
20.58,1.64684,0.637142
20.59,1.65282,0.641264
20.6,1.65875,0.64545
20.61,1.66463,0.649702
20.62,1.67046,0.65402
20.63,1.67624,0.658405
20.64,1.68196,0.662857
20.65,1.68763,0.667378
20.66,1.69325,0.671967
20.67,1.6988,0.676625
20.68,1.7043,0.681354
20.69,1.70973,0.686152
20.7,1.71509,0.691022
20.71,1.72039,0.695964
20.72,1.72562,0.700977
20.73,1.73078,0.706064
20.74,1.73587,0.711223
20.75,1.74088,0.716457
20.76,1.74582,0.721765
20.77,1.75068,0.727148
20.78,1.75545,0.732607
20.79,1.76015,0.738141
20.8,1.76476,0.743752
20.81,1.76928,0.74944
20.82,1.77371,0.755205
20.83,1.77805,0.761048
20.84,1.7823,0.76697
20.85,1.78645,0.77297
20.86,1.79051,0.779049
20.87,1.79447,0.785207
20.88,1.79832,0.791446
20.89,1.80207,0.797764
20.9,1.80572,0.804162
20.91,1.80925,0.810642
20.92,1.81268,0.817202
20.93,1.81599,0.823843
20.94,1.81919,0.830566
20.95,1.82227,0.837369
20.96,1.82524,0.844255
20.97,1.82808,0.851222
20.98,1.8308,0.858271
20.99,1.83339,0.865401
21,1.83586,0.872614
21.01,1.8382,0.879907
21.02,1.84041,0.887283
21.03,1.84248,0.89474
21.04,1.84442,0.902278
21.05,1.84622,0.909897
21.06,1.84789,0.917596
21.07,1.84941,0.925377
21.08,1.85079,0.933237
21.09,1.85203,0.941177
21.1,1.85312,0.949196
21.11,1.85406,0.957293
21.12,1.85485,0.965469
21.13,1.85549,0.973723
21.14,1.85598,0.982053
21.15,1.85631,0.990459
21.16,1.85649,0.99894
21.17,1.85651,1.0075
21.18,1.85637,1.01613
21.19,1.85607,1.02483
21.2,1.85561,1.0336
21.21,1.85498,1.04244
21.22,1.8542,1.05136
21.23,1.85324,1.06034
21.24,1.85213,1.06938
21.25,1.85084,1.0785
21.26,1.84939,1.08767
21.27,1.84777,1.09691
21.28,1.84598,1.10621
21.29,1.84402,1.11557
21.3,1.84188,1.12498
21.31,1.83958,1.13446
21.32,1.83711,1.14398
21.33,1.83446,1.15356
21.34,1.83165,1.16318
21.35,1.82866,1.17286
21.36,1.8255,1.18258
21.37,1.82216,1.19234
21.38,1.81866,1.20214
21.39,1.81498,1.21198
21.4,1.81114,1.22186
21.41,1.80712,1.23177
21.42,1.80293,1.24171
21.43,1.79857,1.25168
21.44,1.79404,1.26168
21.45,1.78935,1.2717
21.46,1.78449,1.28173
21.47,1.77946,1.29179
21.48,1.77427,1.30186
21.49,1.76891,1.31194
21.5,1.76339,1.32203
21.51,1.75772,1.33212
21.52,1.75188,1.34221
21.53,1.74588,1.3523
21.54,1.73973,1.36239
21.55,1.73343,1.37247
21.56,1.72697,1.38253
21.57,1.72036,1.39258
21.58,1.71361,1.40262
21.59,1.70671,1.41263
21.6,1.69967,1.42261
21.61,1.69249,1.43256
21.62,1.68517,1.44248
21.63,1.67771,1.45237
21.64,1.67012,1.46221
21.65,1.6624,1.47201
21.66,1.65455,1.48176
21.67,1.64658,1.49146
21.68,1.63849,1.5011
21.69,1.63028,1.51069
21.7,1.62195,1.52021
21.71,1.61352,1.52966
21.72,1.60497,1.53905
21.73,1.59632,1.54836
21.74,1.58757,1.55759
21.75,1.57871,1.56674
21.76,1.56977,1.57581
21.77,1.56073,1.58479
21.78,1.5516,1.59367
21.79,1.54239,1.60246
21.8,1.5331,1.61116
21.81,1.52373,1.61975
21.82,1.51428,1.62823
21.83,1.50477,1.6366
21.84,1.49519,1.64486
21.85,1.48555,1.65301
21.86,1.47585,1.66103
21.87,1.46609,1.66894
21.88,1.45629,1.67672
21.89,1.44643,1.68437
21.9,1.43653,1.69189
21.91,1.42659,1.69927
21.92,1.41662,1.70652
21.93,1.40661,1.71363
21.94,1.39657,1.7206
21.95,1.38651,1.72742
21.96,1.37642,1.7341
21.97,1.36632,1.74063
21.98,1.3562,1.747
21.99,1.34607,1.75323
22,1.33593,1.75929
22.01,1.32578,1.7652
22.02,1.31564,1.77095
22.03,1.3055,1.77654
22.04,1.29536,1.78197
22.05,1.28523,1.78723
22.06,1.27511,1.79233
22.07,1.26501,1.79726
22.08,1.25492,1.80203
22.09,1.24486,1.80662
22.1,1.23482,1.81104
22.11,1.2248,1.8153
22.12,1.21482,1.81938
22.13,1.20486,1.82328
22.14,1.19494,1.82702
22.15,1.18506,1.83058
22.16,1.17522,1.83397
22.17,1.16542,1.83718
22.18,1.15566,1.84022
22.19,1.14595,1.84309
22.2,1.13629,1.84578
22.21,1.12668,1.84829
22.22,1.11712,1.85063
22.23,1.10762,1.8528
22.24,1.09817,1.85479
22.25,1.08878,1.85662
22.26,1.07946,1.85826
22.27,1.07019,1.85974
22.28,1.06099,1.86105
22.29,1.05186,1.86218
22.3,1.04279,1.86315
22.31,1.03379,1.86394
22.32,1.02486,1.86457
22.33,1.01599,1.86504
22.34,1.00721,1.86533
22.35,0.99849,1.86547
22.36,0.989849,1.86544
22.37,0.981282,1.86525
22.38,0.972792,1.8649
22.39,0.964378,1.8644
22.4,0.956042,1.86373
22.41,0.947784,1.86291
22.42,0.939606,1.86194
22.43,0.931507,1.86081
22.44,0.923488,1.85954
22.45,0.915551,1.85812
22.46,0.907694,1.85655
22.47,0.899919,1.85483
22.48,0.892227,1.85298
22.49,0.884616,1.85098
22.5,0.877088,1.84885
22.51,0.869643,1.84657
22.52,0.862281,1.84417
22.53,0.855002,1.84163
22.54,0.847806,1.83896
22.55,0.840693,1.83616
22.56,0.833664,1.83323
22.57,0.826717,1.83018
22.58,0.819854,1.82701
22.59,0.813074,1.82372
22.6,0.806376,1.82031
22.61,0.799761,1.81679
22.62,0.793229,1.81315
22.63,0.786779,1.8094
22.64,0.780411,1.80554
22.65,0.774124,1.80158
22.66,0.767919,1.79751
22.67,0.761795,1.79334
22.68,0.755751,1.78906
22.69,0.749788,1.78469
22.7,0.743904,1.78023
22.71,0.7381,1.77567
22.72,0.732375,1.77102
22.73,0.726728,1.76628
22.74,0.72116,1.76145
22.75,0.715668,1.75654
22.76,0.710254,1.75155
22.77,0.704916,1.74647
22.78,0.699654,1.74132
22.79,0.694467,1.73609
22.8,0.689355,1.73078
22.81,0.684318,1.72541
22.82,0.679354,1.71996
22.83,0.674463,1.71444
22.84,0.669644,1.70886
22.85,0.664897,1.70322
22.86,0.660221,1.69751
22.87,0.655616,1.69174
22.88,0.651081,1.68592
22.89,0.646615,1.68003
22.9,0.642218,1.6741
22.91,0.637889,1.66811
22.92,0.633627,1.66207
22.93,0.629432,1.65598
22.94,0.625303,1.64984
22.95,0.62124,1.64366
22.96,0.617241,1.63743
22.97,0.613306,1.63117
22.98,0.609435,1.62486
22.99,0.605627,1.61851
23,0.601881,1.61213
23.01,0.598197,1.60571
23.02,0.594574,1.59926
23.03,0.591011,1.59278
23.04,0.587507,1.58626
23.05,0.584063,1.57972
23.06,0.580677,1.57315
23.07,0.577349,1.56655
23.08,0.574078,1.55993
23.09,0.570864,1.55329
23.1,0.567705,1.54662
23.11,0.564602,1.53993
23.12,0.561553,1.53323
23.13,0.558559,1.52651
23.14,0.555618,1.51977
23.15,0.55273,1.51302
23.16,0.549895,1.50625
23.17,0.547111,1.49947
23.18,0.544378,1.49268
23.19,0.541696,1.48588
23.2,0.539064,1.47907
23.21,0.536482,1.47225
23.22,0.533948,1.46542
23.23,0.531463,1.4586
23.24,0.529026,1.45176
23.25,0.526636,1.44492
23.26,0.524293,1.43808
23.27,0.521996,1.43124
23.28,0.519745,1.4244
23.29,0.517539,1.41756
23.3,0.515378,1.41072
23.31,0.513261,1.40389
23.32,0.511188,1.39705
23.33,0.509159,1.39022
23.34,0.507172,1.3834
23.35,0.505227,1.37658
23.36,0.503325,1.36977
23.37,0.501463,1.36297
23.38,0.499643,1.35617
23.39,0.497864,1.34939
23.4,0.496124,1.34261
23.41,0.494424,1.33585
23.42,0.492764,1.32909
23.43,0.491142,1.32235
23.44,0.489559,1.31562
23.45,0.488014,1.30891
23.46,0.486506,1.3022
23.47,0.485036,1.29552
23.48,0.483603,1.28885
23.49,0.482206,1.28219
23.5,0.480845,1.27555
23.51,0.47952,1.26893
23.52,0.478231,1.26232
23.53,0.476976,1.25574
23.54,0.475756,1.24917
23.55,0.474571,1.24262
23.56,0.473419,1.23609
23.57,0.472302,1.22958
23.58,0.471217,1.2231
23.59,0.470166,1.21663
23.6,0.469148,1.21018
23.61,0.468162,1.20376
23.62,0.467208,1.19736
23.63,0.466286,1.19098
23.64,0.465395,1.18462
23.65,0.464536,1.17829
23.66,0.463708,1.17198
23.67,0.46291,1.16569
23.68,0.462143,1.15943
23.69,0.461406,1.1532
23.7,0.4607,1.14698
23.71,0.460022,1.1408
23.72,0.459375,1.13464
23.73,0.458756,1.1285
23.74,0.458167,1.1224
23.75,0.457606,1.11631
23.76,0.457074,1.11026
23.77,0.45657,1.10423
23.78,0.456094,1.09823
23.79,0.455646,1.09226
23.8,0.455225,1.08631
23.81,0.454832,1.08039
23.82,0.454467,1.0745
23.83,0.454128,1.06864
23.84,0.453817,1.06281
23.85,0.453531,1.057
23.86,0.453273,1.05123
23.87,0.453041,1.04548
23.88,0.452835,1.03976
23.89,0.452655,1.03407
23.9,0.4525,1.02841
23.91,0.452372,1.02278
23.92,0.452269,1.01718
23.93,0.452191,1.01161
23.94,0.452139,1.00607
23.95,0.452111,1.00056
23.96,0.452109,0.995075
23.97,0.452131,0.989623
23.98,0.452178,0.984201
23.99,0.452249,0.978809
24,0.452345,0.973448
24.01,0.452465,0.968117
24.02,0.452609,0.962816
24.03,0.452778,0.957546
24.04,0.45297,0.952306
24.05,0.453186,0.947096
24.06,0.453426,0.941917
24.07,0.453689,0.936769
24.08,0.453976,0.931651
24.09,0.454286,0.926564
24.1,0.45462,0.921508
24.11,0.454977,0.916482
24.12,0.455357,0.911487
24.13,0.45576,0.906523
24.14,0.456186,0.901589
24.15,0.456635,0.896686
24.16,0.457106,0.891814
24.17,0.457601,0.886972
24.18,0.458118,0.882161
24.19,0.458658,0.877381
24.2,0.45922,0.872632
24.21,0.459805,0.867913
24.22,0.460413,0.863224
24.23,0.461042,0.858566
24.24,0.461695,0.853939
24.25,0.462369,0.849342
24.26,0.463065,0.844776
24.27,0.463784,0.84024
24.28,0.464525,0.835734
24.29,0.465288,0.831259
24.3,0.466073,0.826814
24.31,0.466881,0.8224
24.32,0.46771,0.818015
24.33,0.468561,0.813661
24.34,0.469434,0.809337
24.35,0.470329,0.805043
24.36,0.471246,0.800779
24.37,0.472185,0.796545
24.38,0.473146,0.792341
24.39,0.474128,0.788166
24.4,0.475132,0.784021
24.41,0.476159,0.779906
24.42,0.477207,0.775821
24.43,0.478276,0.771765
24.44,0.479368,0.767738
24.45,0.480481,0.763741
24.46,0.481617,0.759774
24.47,0.482774,0.755835
24.48,0.483952,0.751926
24.49,0.485153,0.748045
24.5,0.486375,0.744194
24.51,0.487619,0.740372
24.52,0.488885,0.736578
24.53,0.490173,0.732813
24.54,0.491483,0.729077
24.55,0.492814,0.72537
24.56,0.494168,0.721691
24.57,0.495543,0.71804
24.58,0.49694,0.714418
24.59,0.49836,0.710824
24.6,0.499801,0.707258
24.61,0.501264,0.703721
24.62,0.502749,0.700211
24.63,0.504256,0.696729
24.64,0.505785,0.693275
24.65,0.507337,0.689849
24.66,0.50891,0.68645
24.67,0.510506,0.683079
24.68,0.512124,0.679736
24.69,0.513764,0.676419
24.7,0.515426,0.67313
24.71,0.517111,0.669868
24.72,0.518818,0.666634
24.73,0.520548,0.663426
24.74,0.5223,0.660245
24.75,0.524075,0.657091
24.76,0.525872,0.653964
24.77,0.527691,0.650863
24.78,0.529534,0.647789
24.79,0.531399,0.644742
24.8,0.533287,0.64172
24.81,0.535197,0.638725
24.82,0.537131,0.635757
24.83,0.539087,0.632814
24.84,0.541067,0.629897
24.85,0.543069,0.627006
24.86,0.545095,0.624141
24.87,0.547144,0.621302
24.88,0.549216,0.618488
24.89,0.551311,0.6157
24.9,0.55343,0.612938
24.91,0.555572,0.610201
24.92,0.557737,0.607489
24.93,0.559927,0.604802
24.94,0.562139,0.60214
24.95,0.564376,0.599504
24.96,0.566636,0.596892
24.97,0.56892,0.594306
24.98,0.571228,0.591744
24.99,0.573561,0.589206
25,0.575917,0.586694
25.01,0.578297,0.584206
25.02,0.580701,0.581742
25.03,0.58313,0.579303
25.04,0.585584,0.576888
25.05,0.588061,0.574497
25.06,0.590563,0.572131
25.07,0.59309,0.569788
25.08,0.595642,0.56747
25.09,0.598218,0.565175
25.1,0.600819,0.562904
25.11,0.603445,0.560657
25.12,0.606097,0.558434
25.13,0.608773,0.556234
25.14,0.611475,0.554058
25.15,0.614201,0.551905
25.16,0.616954,0.549776
25.17,0.619731,0.54767
25.18,0.622534,0.545588
25.19,0.625363,0.543528
25.2,0.628218,0.541492
25.21,0.631098,0.539479
25.22,0.634005,0.537489
25.23,0.636937,0.535522
25.24,0.639895,0.533577
25.25,0.64288,0.531656
25.26,0.645891,0.529757
25.27,0.648928,0.527881
25.28,0.651992,0.526028
25.29,0.655082,0.524197
25.3,0.658199,0.522389
25.31,0.661343,0.520604
25.32,0.664513,0.518841
25.33,0.667711,0.5171
25.34,0.670935,0.515382
25.35,0.674186,0.513686
25.36,0.677465,0.512012
25.37,0.680771,0.510361
25.38,0.684104,0.508732
25.39,0.687465,0.507125
25.4,0.690853,0.50554
25.41,0.694269,0.503977
25.42,0.697713,0.502436
25.43,0.701185,0.500917
25.44,0.704684,0.49942
25.45,0.708212,0.497945
25.46,0.711767,0.496493
25.47,0.715351,0.495061
25.48,0.718963,0.493652
25.49,0.722604,0.492265
25.5,0.726273,0.490899
25.51,0.72997,0.489556
25.52,0.733696,0.488234
25.53,0.737451,0.486934
25.54,0.741235,0.485655
25.55,0.745047,0.484398
25.56,0.748889,0.483163
25.57,0.752759,0.48195
25.58,0.756659,0.480759
25.59,0.760588,0.479589
25.6,0.764546,0.47844
25.61,0.768533,0.477314
25.62,0.77255,0.476209
25.63,0.776597,0.475126
25.64,0.780673,0.474065
25.65,0.784779,0.473025
25.66,0.788915,0.472007
25.67,0.79308,0.47101
25.68,0.797275,0.470036
25.69,0.801501,0.469083
25.7,0.805756,0.468152
25.71,0.810041,0.467242
25.72,0.814357,0.466355
25.73,0.818703,0.465489
25.74,0.823079,0.464645
25.75,0.827485,0.463823
25.76,0.831922,0.463023
25.77,0.836389,0.462245
25.78,0.840887,0.461488
25.79,0.845415,0.460754
25.8,0.849974,0.460042
25.81,0.854563,0.459352
25.82,0.859184,0.458684
25.83,0.863835,0.458038
25.84,0.868516,0.457414
25.85,0.873229,0.456813
25.86,0.877972,0.456234
25.87,0.882746,0.455677
25.88,0.887551,0.455143
25.89,0.892387,0.454631
25.9,0.897254,0.454141
25.91,0.902151,0.453675
25.92,0.90708,0.453231
25.93,0.91204,0.45281
25.94,0.91703,0.452411
25.95,0.922052,0.452036
25.96,0.927104,0.451684
25.97,0.932188,0.451355
25.98,0.937302,0.451048
25.99,0.942448,0.450766
26,0.947624,0.450506
26.01,0.952831,0.45027
26.02,0.958069,0.450058
26.03,0.963338,0.449869
26.04,0.968637,0.449704
26.05,0.973968,0.449563
26.06,0.979329,0.449446
26.07,0.984721,0.449353
26.08,0.990143,0.449285
26.09,0.995596,0.44924
26.1,1.00108,0.449221
26.11,1.00659,0.449225
26.12,1.01214,0.449255
26.13,1.01771,0.44931
26.14,1.02332,0.449389
26.15,1.02895,0.449494
26.16,1.03461,0.449624
26.17,1.04031,0.44978
26.18,1.04603,0.449961
26.19,1.05179,0.450168
26.2,1.05757,0.450401
26.21,1.06338,0.45066
26.22,1.06922,0.450946
26.23,1.07509,0.451258
26.24,1.08099,0.451597
26.25,1.08692,0.451963
26.26,1.09288,0.452356
26.27,1.09886,0.452776
26.28,1.10488,0.453224
26.29,1.11092,0.453699
26.3,1.11699,0.454202
26.31,1.12308,0.454733
26.32,1.12921,0.455293
26.33,1.13536,0.455881
26.34,1.14154,0.456499
26.35,1.14774,0.457145
26.36,1.15397,0.45782
26.37,1.16023,0.458525
26.38,1.16651,0.45926
26.39,1.17282,0.460024
26.4,1.17915,0.460819
26.41,1.18551,0.461645
26.42,1.19189,0.462501
26.43,1.1983,0.463389
26.44,1.20473,0.464308
26.45,1.21118,0.465258
26.46,1.21766,0.466241
26.47,1.22416,0.467256
26.48,1.23068,0.468303
26.49,1.23722,0.469383
26.5,1.24379,0.470497
26.51,1.25037,0.471644
26.52,1.25698,0.472825
26.53,1.26361,0.47404
26.54,1.27025,0.475289
26.55,1.27692,0.476574
26.56,1.2836,0.477893
26.57,1.2903,0.479249
26.58,1.29702,0.48064
26.59,1.30376,0.482068
26.6,1.31051,0.483532
26.61,1.31728,0.485033
26.62,1.32406,0.486572
26.63,1.33086,0.488149
26.64,1.33767,0.489764
26.65,1.3445,0.491418
26.66,1.35134,0.493111
26.67,1.35819,0.494843
26.68,1.36505,0.496616
26.69,1.37192,0.498429
26.7,1.3788,0.500282
26.71,1.38569,0.502177
26.72,1.39259,0.504114
26.73,1.39949,0.506093
26.74,1.4064,0.508115
26.75,1.41332,0.51018
26.76,1.42025,0.512289
26.77,1.42717,0.514442
26.78,1.4341,0.516639
26.79,1.44103,0.518882
26.8,1.44797,0.52117
26.81,1.4549,0.523505
26.82,1.46183,0.525887
26.83,1.46876,0.528315
26.84,1.47569,0.530792
26.85,1.48262,0.533317
26.86,1.48953,0.535891
26.87,1.49645,0.538514
26.88,1.50335,0.541187
26.89,1.51025,0.543912
26.9,1.51714,0.546687
26.91,1.52402,0.549514
26.92,1.53088,0.552394
26.93,1.53773,0.555326
26.94,1.54457,0.558312
26.95,1.55139,0.561353
26.96,1.5582,0.564448
26.97,1.56499,0.567599
26.98,1.57175,0.570806
26.99,1.5785,0.574069
27,1.58522,0.57739
27.01,1.59192,0.580769
27.02,1.5986,0.584207
27.03,1.60524,0.587704
27.04,1.61186,0.591261
27.05,1.61845,0.594879
27.06,1.62501,0.598558
27.07,1.63153,0.602299
27.08,1.63802,0.606102
27.09,1.64447,0.609969
27.1,1.65088,0.6139
27.11,1.65726,0.617896
27.12,1.66359,0.621957
27.13,1.66988,0.626085
27.14,1.67612,0.630279
27.15,1.68232,0.63454
27.16,1.68847,0.63887
27.17,1.69457,0.643268
27.18,1.70061,0.647736
27.19,1.7066,0.652274
27.2,1.71254,0.656883
27.21,1.71841,0.661564
27.22,1.72423,0.666316
27.23,1.72998,0.671142
27.24,1.73567,0.676041
27.25,1.74129,0.681015
27.26,1.74685,0.686063
27.27,1.75233,0.691187
27.28,1.75774,0.696387
27.29,1.76308,0.701664
27.3,1.76834,0.707018
27.31,1.77352,0.71245
27.32,1.77862,0.717961
27.33,1.78364,0.723551
27.34,1.78857,0.729222
27.35,1.79341,0.734972
27.36,1.79816,0.740803
27.37,1.80282,0.746716
27.38,1.80739,0.752711
27.39,1.81186,0.758788
27.4,1.81623,0.764949
27.41,1.8205,0.771192
27.42,1.82467,0.77752
27.43,1.82873,0.783932
27.44,1.83268,0.790428
27.45,1.83652,0.79701
27.46,1.84025,0.803677
27.47,1.84386,0.81043
27.48,1.84735,0.817269
27.49,1.85073,0.824194
27.5,1.85398,0.831206
27.51,1.85711,0.838304
27.52,1.86012,0.845489
27.53,1.86299,0.852762
27.54,1.86573,0.860121
27.55,1.86834,0.867567
27.56,1.87082,0.875101
27.57,1.87315,0.882721
27.58,1.87535,0.890429
27.59,1.8774,0.898223
27.6,1.87932,0.906104
27.61,1.88108,0.914072
27.62,1.8827,0.922125
27.63,1.88416,0.930265
27.64,1.88548,0.93849
27.65,1.88664,0.9468
27.66,1.88764,0.955195
27.67,1.88849,0.963673
27.68,1.88917,0.972236
27.69,1.8897,0.98088
27.7,1.89006,0.989607
27.71,1.89025,0.998415
27.72,1.89028,1.0073
27.73,1.89015,1.01627
27.74,1.88984,1.02532
27.75,1.88936,1.03444
27.76,1.88871,1.04364
27.77,1.88788,1.05292
27.78,1.88689,1.06227
27.79,1.88571,1.07169
27.8,1.88436,1.08118
27.81,1.88283,1.09074
27.82,1.88112,1.10037
27.83,1.87923,1.11006
27.84,1.87716,1.11982
27.85,1.87492,1.12965
27.86,1.87248,1.13953
27.87,1.86987,1.14947
27.88,1.86708,1.15947
27.89,1.8641,1.16953
27.9,1.86094,1.17963
27.91,1.8576,1.18979
27.92,1.85407,1.19999
27.93,1.85036,1.21024
27.94,1.84647,1.22053
27.95,1.8424,1.23086
27.96,1.83815,1.24123
27.97,1.83371,1.25163
27.98,1.8291,1.26207
27.99,1.82431,1.27253
28,1.81933,1.28302
28.01,1.81418,1.29354
28.02,1.80886,1.30407
28.03,1.80336,1.31462
28.04,1.79769,1.32518
28.05,1.79184,1.33575
28.06,1.78582,1.34632
28.07,1.77964,1.3569
28.08,1.77329,1.36748
28.09,1.76677,1.37806
28.1,1.76009,1.38862
28.11,1.75325,1.39918
28.12,1.74625,1.40972
28.13,1.7391,1.42024
28.14,1.73179,1.43073
28.15,1.72433,1.4412
28.16,1.71672,1.45164
28.17,1.70897,1.46205
28.18,1.70107,1.47241
28.19,1.69304,1.48274
28.2,1.68486,1.49301
28.21,1.67656,1.50324
28.22,1.66812,1.51341
28.23,1.65956,1.52352
28.24,1.65087,1.53357
28.25,1.64206,1.54355
28.26,1.63313,1.55346
28.27,1.62409,1.56329
28.28,1.61495,1.57305
28.29,1.60569,1.58272
28.3,1.59634,1.59231
28.31,1.58688,1.60181
28.32,1.57733,1.61121
28.33,1.56769,1.62051
28.34,1.55796,1.62971
28.35,1.54815,1.6388
28.36,1.53826,1.64778
28.37,1.5283,1.65665
28.38,1.51826,1.66541
28.39,1.50816,1.67404
28.4,1.49799,1.68254
28.41,1.48777,1.69092
28.42,1.47749,1.69917
28.43,1.46716,1.70728
28.44,1.45678,1.71526
28.45,1.44636,1.7231
28.46,1.4359,1.73079
28.47,1.42541,1.73833
28.48,1.41489,1.74573
28.49,1.40433,1.75297
28.5,1.39376,1.76006
28.51,1.38317,1.76699
28.52,1.37256,1.77376
28.53,1.36194,1.78037
28.54,1.35131,1.78681
28.55,1.34068,1.79309
28.56,1.33005,1.7992
28.57,1.31942,1.80513
28.58,1.30879,1.8109
28.59,1.29818,1.81649
28.6,1.28758,1.82191
28.61,1.277,1.82715
28.62,1.26643,1.83221
28.63,1.2559,1.83709
28.64,1.24538,1.84179
28.65,1.2349,1.84631
28.66,1.22445,1.85065
28.67,1.21403,1.8548
28.68,1.20365,1.85877
28.69,1.19332,1.86256
28.7,1.18302,1.86616
28.71,1.17278,1.86957
28.72,1.16258,1.8728
28.73,1.15243,1.87585
28.74,1.14234,1.87871
28.75,1.1323,1.88138
28.76,1.12232,1.88387
28.77,1.1124,1.88617
28.78,1.10254,1.88829
28.79,1.09275,1.89023
28.8,1.08302,1.89198
28.81,1.07336,1.89356
28.82,1.06377,1.89494
28.83,1.05425,1.89615
28.84,1.0448,1.89718
28.85,1.03543,1.89803
28.86,1.02613,1.8987
28.87,1.01691,1.8992
28.88,1.00776,1.89952
28.89,0.998699,1.89967
28.9,0.989714,1.89964
28.91,0.98081,1.89945
28.92,0.971988,1.89908
28.93,0.96325,1.89855
28.94,0.954594,1.89785
28.95,0.946023,1.89699
28.96,0.937538,1.89597
28.97,0.929138,1.89478
28.98,0.920824,1.89344
28.99,0.912597,1.89194
29,0.904457,1.89029
29.01,0.896405,1.88848
29.02,0.88844,1.88653
29.03,0.880564,1.88442
29.04,0.872776,1.88217
29.05,0.865077,1.87978
29.06,0.857466,1.87724
29.07,0.849944,1.87456
29.08,0.842511,1.87175
29.09,0.835166,1.8688
29.1,0.82791,1.86572
29.11,0.820743,1.86251
29.12,0.813664,1.85917
29.13,0.806673,1.85571
29.14,0.79977,1.85212
29.15,0.792955,1.84841
29.16,0.786227,1.84459
29.17,0.779587,1.84064
29.18,0.773034,1.83659
29.19,0.766566,1.83242
29.2,0.760185,1.82814
29.21,0.75389,1.82376
29.22,0.74768,1.81927
29.23,0.741554,1.81468
29.24,0.735513,1.80999
29.25,0.729555,1.8052
29.26,0.723681,1.80032
29.27,0.717889,1.79534
29.28,0.71218,1.79028
29.29,0.706551,1.78513
29.3,0.701004,1.77989
29.31,0.695537,1.77457
29.32,0.69015,1.76916
29.33,0.684841,1.76368
29.34,0.679611,1.75812
29.35,0.674459,1.75249
29.36,0.669384,1.74678
29.37,0.664385,1.74101
29.38,0.659462,1.73517
29.39,0.654614,1.72926
29.4,0.64984,1.72329
29.41,0.64514,1.71725
29.42,0.640512,1.71116
29.43,0.635957,1.70501
29.44,0.631474,1.6988
29.45,0.627061,1.69254
29.46,0.622718,1.68623
29.47,0.618445,1.67986
29.48,0.614241,1.67345
29.49,0.610104,1.667
29.5,0.606035,1.6605
29.51,0.602032,1.65396
29.52,0.598095,1.64738
29.53,0.594223,1.64075
29.54,0.590415,1.6341
29.55,0.586671,1.6274
29.56,0.582991,1.62068
29.57,0.579372,1.61392
29.58,0.575815,1.60713
29.59,0.572319,1.60031
29.6,0.568884,1.59347
29.61,0.565507,1.5866
29.62,0.56219,1.57971
29.63,0.558931,1.57279
29.64,0.55573,1.56585
29.65,0.552585,1.5589
29.66,0.549497,1.55192
29.67,0.546464,1.54493
29.68,0.543486,1.53792
29.69,0.540562,1.5309
29.7,0.537693,1.52387
29.71,0.534876,1.51682
29.72,0.532111,1.50977
29.73,0.529399,1.5027
29.74,0.526738,1.49563
29.75,0.524127,1.48855
29.76,0.521566,1.48147
29.77,0.519055,1.47438
29.78,0.516593,1.46729
29.79,0.514179,1.4602
29.8,0.511813,1.4531
29.81,0.509494,1.44601
29.82,0.507221,1.43892
29.83,0.504995,1.43183
29.84,0.502814,1.42474
29.85,0.500678,1.41766
29.86,0.498587,1.41058
29.87,0.49654,1.4035
29.88,0.494537,1.39644
29.89,0.492576,1.38938
29.9,0.490658,1.38233
29.91,0.488782,1.37529
29.92,0.486948,1.36826
29.93,0.485155,1.36124
29.94,0.483402,1.35423
29.95,0.48169,1.34723
29.96,0.480017,1.34025
29.97,0.478384,1.33328
29.98,0.47679,1.32633
29.99,0.475234,1.31939
30,0.473716,1.31246
30.01,0.472236,1.30556
30.02,0.470793,1.29867
30.03,0.469387,1.29179
30.04,0.468017,1.28494
30.05,0.466683,1.2781
30.06,0.465385,1.27129
30.07,0.464123,1.26449
30.08,0.462895,1.25772
30.09,0.461702,1.25096
30.1,0.460544,1.24423
30.11,0.459419,1.23751
30.12,0.458328,1.23082
30.13,0.45727,1.22416
30.14,0.456245,1.21751
30.15,0.455252,1.21089
30.16,0.454292,1.2043
30.17,0.453364,1.19773
30.18,0.452468,1.19118
30.19,0.451603,1.18466
30.2,0.450769,1.17816
30.21,0.449966,1.17169
30.22,0.449193,1.16524
30.23,0.448451,1.15883
30.24,0.447739,1.15243
30.25,0.447056,1.14607
30.26,0.446403,1.13973
30.27,0.445779,1.13342
30.28,0.445185,1.12714
30.29,0.444619,1.12089
30.3,0.444081,1.11466
30.31,0.443572,1.10847
30.32,0.443091,1.1023
30.33,0.442638,1.09616
30.34,0.442212,1.09005
30.35,0.441814,1.08397
30.36,0.441443,1.07792
30.37,0.441099,1.0719
30.38,0.440782,1.06591
30.39,0.440491,1.05995
30.4,0.440227,1.05402
30.41,0.439989,1.04812
30.42,0.439778,1.04225
30.43,0.439592,1.03641
30.44,0.439432,1.0306
30.45,0.439297,1.02482
30.46,0.439188,1.01908
30.47,0.439104,1.01336
30.48,0.439046,1.00768
30.49,0.439012,1.00202
30.5,0.439003,0.996403
30.51,0.439019,0.990813
30.52,0.439059,0.985255
30.53,0.439124,0.979728
30.54,0.439213,0.974233
30.55,0.439326,0.96877
30.56,0.439463,0.963338
30.57,0.439625,0.957938
30.58,0.439809,0.95257
30.59,0.440018,0.947234
30.6,0.44025,0.94193
30.61,0.440506,0.936657
30.62,0.440785,0.931417
30.63,0.441087,0.926208
30.64,0.441413,0.921032
30.65,0.441761,0.915887
30.66,0.442133,0.910774
30.67,0.442527,0.905693
30.68,0.442945,0.900644
30.69,0.443385,0.895627
30.7,0.443848,0.890642
30.71,0.444333,0.885688
30.72,0.444841,0.880767
30.73,0.445371,0.875877
30.74,0.445924,0.871019
30.75,0.446499,0.866193
30.76,0.447097,0.861399
30.77,0.447716,0.856636
30.78,0.448358,0.851905
30.79,0.449022,0.847206
30.8,0.449708,0.842538
30.81,0.450416,0.837901
30.82,0.451147,0.833296
30.83,0.451899,0.828723
30.84,0.452673,0.824181
30.85,0.453468,0.81967
30.86,0.454286,0.81519
30.87,0.455126,0.810741
30.88,0.455987,0.806324
30.89,0.45687,0.801937
30.9,0.457775,0.797582
30.91,0.458702,0.793257
30.92,0.45965,0.788963
30.93,0.46062,0.7847
30.94,0.461612,0.780467
30.95,0.462625,0.776265
30.96,0.46366,0.772094
30.97,0.464717,0.767953
30.98,0.465795,0.763842
30.99,0.466895,0.759762
31,0.468017,0.755711
31.01,0.46916,0.751691
31.02,0.470325,0.747701
31.03,0.471512,0.743741
31.04,0.47272,0.73981
31.05,0.47395,0.735909
31.06,0.475202,0.732038
31.07,0.476475,0.728196
31.08,0.47777,0.724384
31.09,0.479087,0.720601
31.1,0.480426,0.716847
31.11,0.481786,0.713123
31.12,0.483168,0.709427
31.13,0.484572,0.705761
31.14,0.485998,0.702123
31.15,0.487446,0.698514
31.16,0.488915,0.694934
31.17,0.490407,0.691382
31.18,0.49192,0.687859
31.19,0.493456,0.684364
31.2,0.495013,0.680897
31.21,0.496593,0.677459
31.22,0.498195,0.674048
31.23,0.499818,0.670666
31.24,0.501464,0.667312
31.25,0.503133,0.663985
31.26,0.504823,0.660686
31.27,0.506536,0.657414
31.28,0.508272,0.65417
31.29,0.510029,0.650953
31.3,0.51181,0.647764
31.31,0.513612,0.644601
31.32,0.515438,0.641466
31.33,0.517286,0.638358
31.34,0.519157,0.635276
31.35,0.52105,0.632222
31.36,0.522966,0.629194
31.37,0.524906,0.626192
31.38,0.526868,0.623217
31.39,0.528853,0.620269
31.4,0.530861,0.617346
31.41,0.532892,0.61445
31.42,0.534947,0.61158
31.43,0.537025,0.608736
31.44,0.539126,0.605917
31.45,0.541251,0.603125
31.46,0.543399,0.600358
31.47,0.54557,0.597617
31.48,0.547766,0.594901
31.49,0.549985,0.592211
31.5,0.552227,0.589546
31.51,0.554494,0.586906
31.52,0.556785,0.584291
31.53,0.559099,0.581701
31.54,0.561438,0.579137
31.55,0.563801,0.576597
31.56,0.566188,0.574082
31.57,0.568599,0.571591
31.58,0.571035,0.569125
31.59,0.573496,0.566684
31.6,0.575981,0.564267
31.61,0.578491,0.561875
31.62,0.581025,0.559506
31.63,0.583585,0.557162
31.64,0.586169,0.554842
31.65,0.588778,0.552546
31.66,0.591413,0.550274
31.67,0.594072,0.548025
31.68,0.596758,0.545801
31.69,0.599468,0.5436
31.7,0.602204,0.541423
31.71,0.604966,0.539269
31.72,0.607753,0.537138
31.73,0.610566,0.535032
31.74,0.613405,0.532948
31.75,0.61627,0.530888
31.76,0.619161,0.52885
31.77,0.622078,0.526836
31.78,0.625021,0.524845
31.79,0.627991,0.522877
31.8,0.630987,0.520932
31.81,0.63401,0.51901
31.82,0.63706,0.51711
31.83,0.640136,0.515233
31.84,0.643239,0.513379
31.85,0.646369,0.511548
31.86,0.649527,0.509739
31.87,0.652711,0.507952
31.88,0.655923,0.506188
31.89,0.659162,0.504447
31.9,0.662428,0.502727
31.91,0.665722,0.50103
31.92,0.669044,0.499355
31.93,0.672394,0.497703
31.94,0.675771,0.496072
31.95,0.679176,0.494464
31.96,0.68261,0.492877
31.97,0.686072,0.491313
31.98,0.689561,0.489771
31.99,0.69308,0.48825
32,0.696627,0.486752
32.01,0.700202,0.485275
32.02,0.703806,0.48382
32.03,0.707439,0.482387
32.04,0.711101,0.480976
32.05,0.714792,0.479586
32.06,0.718512,0.478219
32.07,0.722261,0.476872
32.08,0.726039,0.475548
32.09,0.729847,0.474245
32.1,0.733684,0.472964
32.11,0.737551,0.471704
32.12,0.741447,0.470466
32.13,0.745373,0.46925
32.14,0.749329,0.468055
32.15,0.753315,0.466882
32.16,0.757331,0.46573
32.17,0.761378,0.4646
32.18,0.765454,0.463491
32.19,0.769561,0.462404
32.2,0.773698,0.461339
32.21,0.777866,0.460295
32.22,0.782064,0.459272
32.23,0.786293,0.458271
32.24,0.790552,0.457292
32.25,0.794843,0.456334
32.26,0.799164,0.455398
32.27,0.803516,0.454483
32.28,0.807899,0.45359
32.29,0.812314,0.452719
32.3,0.816759,0.451869
32.31,0.821236,0.451041
32.32,0.825745,0.450235
32.33,0.830284,0.44945
32.34,0.834855,0.448688
32.35,0.839458,0.447947
32.36,0.844092,0.447227
32.37,0.848758,0.44653
32.38,0.853456,0.445855
32.39,0.858185,0.445202
32.4,0.862946,0.44457
32.41,0.86774,0.443961
32.42,0.872564,0.443374
32.43,0.877421,0.442809
32.44,0.88231,0.442266
32.45,0.887231,0.441745
32.46,0.892184,0.441247
32.47,0.897169,0.440771
32.48,0.902187,0.440318
32.49,0.907236,0.439888
32.5,0.912318,0.439479
32.51,0.917431,0.439094
32.52,0.922577,0.438732
32.53,0.927755,0.438392
32.54,0.932966,0.438075
32.55,0.938208,0.437782
32.56,0.943483,0.437511
32.57,0.94879,0.437264
32.58,0.954129,0.43704
32.59,0.959501,0.436839
32.6,0.964904,0.436662
32.61,0.97034,0.436509
32.62,0.975808,0.43638
32.63,0.981307,0.436274
32.64,0.986839,0.436193
32.65,0.992403,0.436135
32.66,0.997999,0.436102
32.67,1.00363,0.436093
32.68,1.00929,0.436109
32.69,1.01498,0.43615
32.7,1.0207,0.436215
32.71,1.02645,0.436305
32.72,1.03224,0.436421
32.73,1.03806,0.436561
32.74,1.04391,0.436728
32.75,1.04979,0.436919
32.76,1.0557,0.437137
32.77,1.06164,0.43738
32.78,1.06761,0.43765
32.79,1.07362,0.437946
32.8,1.07965,0.438268
32.81,1.08572,0.438617
32.82,1.09181,0.438993
32.83,1.09794,0.439396
32.84,1.10409,0.439827
32.85,1.11028,0.440284
32.86,1.11649,0.44077
32.87,1.12273,0.441283
32.88,1.12901,0.441825
32.89,1.13531,0.442395
32.9,1.14164,0.442994
32.91,1.148,0.443621
32.92,1.15439,0.444278
32.93,1.1608,0.444964
32.94,1.16724,0.445679
32.95,1.17371,0.446424
32.96,1.18021,0.4472
32.97,1.18674,0.448006
32.98,1.19329,0.448842
32.99,1.19986,0.44971
33,1.20647,0.450609
33.01,1.21309,0.451539
33.02,1.21975,0.452501
33.03,1.22643,0.453496
33.04,1.23313,0.454523
33.05,1.23986,0.455582
33.06,1.24661,0.456675
33.07,1.25338,0.457801
33.08,1.26017,0.458961
33.09,1.26699,0.460155
33.1,1.27383,0.461384
33.11,1.28069,0.462647
33.12,1.28757,0.463946
33.13,1.29448,0.46528
33.14,1.3014,0.46665
33.15,1.30834,0.468057
33.16,1.3153,0.4695
33.17,1.32228,0.47098
33.18,1.32927,0.472498
33.19,1.33628,0.474054
33.2,1.34331,0.475648
33.21,1.35036,0.477281
33.22,1.35741,0.478953
33.23,1.36449,0.480665
33.24,1.37157,0.482417
33.25,1.37867,0.484209
33.26,1.38578,0.486043
33.27,1.39291,0.487918
33.28,1.40004,0.489835
33.29,1.40718,0.491795
33.3,1.41433,0.493797
33.31,1.42149,0.495843
33.32,1.42866,0.497933
33.33,1.43583,0.500067
33.34,1.44301,0.502247
33.35,1.45019,0.504472
33.36,1.45738,0.506743
33.37,1.46457,0.509061
33.38,1.47176,0.511426
33.39,1.47895,0.513838
33.4,1.48614,0.516299
33.41,1.49333,0.518809
33.42,1.50051,0.521369
33.43,1.50769,0.523978
33.44,1.51487,0.526638
33.45,1.52204,0.52935
33.46,1.5292,0.532113
33.47,1.53636,0.534929
33.48,1.54351,0.537799
33.49,1.55064,0.540721
33.5,1.55776,0.543699
33.51,1.56487,0.546731
33.52,1.57196,0.54982
33.53,1.57904,0.552965
33.54,1.5861,0.556166
33.55,1.59314,0.559426
33.56,1.60016,0.562744
33.57,1.60715,0.566122
33.58,1.61413,0.569559
33.59,1.62107,0.573057
33.6,1.62799,0.576616
33.61,1.63489,0.580237
33.62,1.64175,0.583921
33.63,1.64858,0.587668
33.64,1.65538,0.591479
33.65,1.66214,0.595356
33.66,1.66887,0.599298
33.67,1.67555,0.603307
33.68,1.6822,0.607382
33.69,1.68881,0.611526
33.7,1.69537,0.615738
33.71,1.70188,0.62002
33.72,1.70835,0.624371
33.73,1.71476,0.628794
33.74,1.72113,0.633289
33.75,1.72744,0.637855
33.76,1.7337,0.642495
33.77,1.7399,0.647209
33.78,1.74603,0.651998
33.79,1.75211,0.656862
33.8,1.75812,0.661803
33.81,1.76407,0.66682
33.82,1.76995,0.671915
33.83,1.77575,0.677088
33.84,1.78149,0.682341
33.85,1.78715,0.687673
33.86,1.79273,0.693086
33.87,1.79823,0.69858
33.88,1.80365,0.704157
33.89,1.80899,0.709816
33.9,1.81424,0.715558
33.91,1.8194,0.721384
33.92,1.82446,0.727295
33.93,1.82944,0.733291
33.94,1.83432,0.739374
33.95,1.8391,0.745542
33.96,1.84378,0.751798
33.97,1.84836,0.758142
33.98,1.85283,0.764574
33.99,1.85719,0.771094
34,1.86144,0.777704
34.01,1.86558,0.784403
34.02,1.8696,0.791193
34.03,1.8735,0.798073
34.04,1.87729,0.805044
34.05,1.88095,0.812107
34.06,1.88448,0.819261
34.07,1.88789,0.826507
34.08,1.89116,0.833846
34.09,1.8943,0.841277
34.1,1.89731,0.8488
34.11,1.90018,0.856417
34.12,1.90291,0.864126
34.13,1.90549,0.871928
34.14,1.90793,0.879823
34.15,1.91023,0.887812
34.16,1.91237,0.895893
34.17,1.91436,0.904067
34.18,1.9162,0.912333
34.19,1.91788,0.920692
34.2,1.9194,0.929143
34.21,1.92076,0.937685
34.22,1.92196,0.946319
34.23,1.92299,0.955044
34.24,1.92385,0.963858
34.25,1.92455,0.972763
34.26,1.92507,0.981757
34.27,1.92542,0.990839
34.28,1.9256,1.00001
34.29,1.9256,1.00926
34.3,1.92542,1.01861
34.31,1.92506,1.02803
34.32,1.92452,1.03754
34.33,1.9238,1.04713
34.34,1.92289,1.05681
34.35,1.9218,1.06656
34.36,1.92052,1.07639
34.37,1.91905,1.0863
34.38,1.9174,1.09628
34.39,1.91555,1.10634
34.4,1.91352,1.11647
34.41,1.91129,1.12667
34.42,1.90887,1.13694
34.43,1.90625,1.14727
34.44,1.90344,1.15767
34.45,1.90044,1.16813
34.46,1.89725,1.17865
34.47,1.89386,1.18922
34.48,1.89027,1.19985
34.49,1.8865,1.21053
34.5,1.88253,1.22126
34.51,1.87836,1.23204
34.52,1.874,1.24286
34.53,1.86945,1.25373
34.54,1.86471,1.26463
34.55,1.85977,1.27556
34.56,1.85465,1.28653
34.57,1.84933,1.29752
34.58,1.84383,1.30854
34.59,1.83814,1.31959
34.6,1.83227,1.33065
34.61,1.82621,1.34172
34.62,1.81997,1.35281
34.63,1.81355,1.3639
34.64,1.80695,1.375
34.65,1.80017,1.38609
34.66,1.79322,1.39718
34.67,1.7861,1.40826
34.68,1.77881,1.41933
34.69,1.77135,1.43039
34.7,1.76373,1.44142
34.71,1.75594,1.45243
34.72,1.748,1.46341
34.73,1.73989,1.47436
34.74,1.73164,1.48526
34.75,1.72324,1.49613
34.76,1.71469,1.50695
34.77,1.706,1.51772
34.78,1.69716,1.52844
34.79,1.6882,1.53909
34.8,1.67909,1.54969
34.81,1.66986,1.56021
34.82,1.66051,1.57066
34.83,1.65103,1.58103
34.84,1.64144,1.59133
34.85,1.63173,1.60154
34.86,1.62192,1.61165
34.87,1.612,1.62168
34.88,1.60198,1.6316
34.89,1.59186,1.64142
34.9,1.58165,1.65114
34.91,1.57135,1.66074
34.92,1.56097,1.67023
34.93,1.55051,1.6796
34.94,1.53997,1.68885
34.95,1.52936,1.69796
34.96,1.51869,1.70695
34.97,1.50795,1.71581
34.98,1.49716,1.72452
34.99,1.48631,1.7331
35,1.47541,1.74152
35.01,1.46447,1.7498
35.02,1.45349,1.75793
35.03,1.44247,1.7659
35.04,1.43143,1.77372
35.05,1.42035,1.78137
35.06,1.40925,1.78886
35.07,1.39814,1.79618
35.08,1.387,1.80333
35.09,1.37586,1.81031
35.1,1.36471,1.81711
35.11,1.35356,1.82374
35.12,1.34241,1.83019
35.13,1.33127,1.83645
35.14,1.32013,1.84254
35.15,1.30901,1.84844
35.16,1.2979,1.85415
35.17,1.28682,1.85967
35.18,1.27576,1.86501
35.19,1.26472,1.87015
35.2,1.25372,1.8751
35.21,1.24274,1.87986
35.22,1.23181,1.88442
35.23,1.22092,1.88879
35.24,1.21006,1.89296
35.25,1.19926,1.89694
35.26,1.1885,1.90072
35.27,1.1778,1.9043
35.28,1.16715,1.90769
35.29,1.15655,1.91087
35.3,1.14602,1.91387
35.31,1.13554,1.91666
35.32,1.12514,1.91926
35.33,1.11479,1.92166
35.34,1.10452,1.92387
35.35,1.09431,1.92588
35.36,1.08418,1.92769
35.37,1.07412,1.92932
35.38,1.06414,1.93075
35.39,1.05424,1.93198
35.4,1.04441,1.93303
35.41,1.03467,1.93389
35.42,1.025,1.93456
35.43,1.01543,1.93504
35.44,1.00593,1.93534
35.45,0.996521,1.93546
35.46,0.987199,1.93539
35.47,0.977965,1.93514
35.48,0.96882,1.93472
35.49,0.959764,1.93411
35.5,0.950799,1.93333
35.51,0.941925,1.93238
35.52,0.933142,1.93126
35.53,0.924452,1.92997
35.54,0.915855,1.92851
35.55,0.907351,1.92689
35.56,0.898941,1.9251
35.57,0.890625,1.92316
35.58,0.882403,1.92106
35.59,0.874276,1.9188
35.6,0.866243,1.91638
35.61,0.858305,1.91382
35.62,0.850462,1.91111
35.63,0.842713,1.90825
35.64,0.835059,1.90525
35.65,0.8275,1.90211
35.66,0.820035,1.89883
35.67,0.812664,1.89541
35.68,0.805387,1.89186
35.69,0.798204,1.88818
35.7,0.791115,1.88437
35.71,0.784119,1.88043
35.72,0.777215,1.87637
35.73,0.770404,1.87219
35.74,0.763684,1.86789
35.75,0.757056,1.86348
35.76,0.750519,1.85895
35.77,0.744073,1.85431
35.78,0.737716,1.84957
35.79,0.731449,1.84472
35.8,0.72527,1.83976
35.81,0.719179,1.83471
35.82,0.713176,1.82955
35.83,0.70726,1.82431
35.84,0.70143,1.81897
35.85,0.695686,1.81354
35.86,0.690026,1.80802
35.87,0.684451,1.80241
35.88,0.678958,1.79673
35.89,0.673549,1.79096
35.9,0.668222,1.78511
35.91,0.662975,1.77919
35.92,0.657809,1.77319
35.93,0.652723,1.76712
35.94,0.647716,1.76099
35.95,0.642787,1.75478
35.96,0.637935,1.74851
35.97,0.63316,1.74218
35.98,0.628461,1.73579
35.99,0.623837,1.72934
36,0.619287,1.72284
36.01,0.614811,1.71628
36.02,0.610407,1.70967
36.03,0.606075,1.70301
36.04,0.601814,1.6963
36.05,0.597624,1.68955
36.06,0.593503,1.68275
36.07,0.589451,1.67591
36.08,0.585467,1.66903
36.09,0.58155,1.66211
36.1,0.577699,1.65515
36.11,0.573914,1.64816
36.12,0.570195,1.64114
36.13,0.566539,1.63409
36.14,0.562946,1.627
36.15,0.559417,1.61989
36.16,0.555949,1.61276
36.17,0.552542,1.60559
36.18,0.549196,1.59841
36.19,0.54591,1.5912
36.2,0.542682,1.58398
36.21,0.539513,1.57673
36.22,0.536402,1.56947
36.23,0.533347,1.5622
36.24,0.530349,1.55491
36.25,0.527406,1.54761
36.26,0.524517,1.54029
36.27,0.521684,1.53297
36.28,0.518903,1.52563
36.29,0.516176,1.5183
36.3,0.5135,1.51095
36.31,0.510877,1.5036
36.32,0.508304,1.49624
36.33,0.505781,1.48889
36.34,0.503309,1.48153
36.35,0.500885,1.47417
36.36,0.49851,1.46681
36.37,0.496183,1.45946
36.38,0.493903,1.4521
36.39,0.49167,1.44475
36.4,0.489484,1.43741
36.41,0.487342,1.43007
36.42,0.485247,1.42274
36.43,0.483195,1.41542
36.44,0.481188,1.4081
36.45,0.479224,1.4008
36.46,0.477303,1.3935
36.47,0.475425,1.38622
36.48,0.473589,1.37895
36.49,0.471794,1.37169
36.5,0.470041,1.36444
36.51,0.468328,1.35721
36.52,0.466655,1.35
36.53,0.465022,1.34279
36.54,0.463428,1.33561
36.55,0.461872,1.32844
36.56,0.460355,1.3213
36.57,0.458876,1.31417
36.58,0.457435,1.30705
36.59,0.45603,1.29996
36.6,0.454662,1.29289
36.61,0.45333,1.28584
36.62,0.452035,1.27881
36.63,0.450774,1.2718
36.64,0.449549,1.26482
36.65,0.448359,1.25786
36.66,0.447202,1.25092
36.67,0.44608,1.244
36.68,0.444992,1.23711
36.69,0.443937,1.23025
36.7,0.442915,1.22341
36.71,0.441925,1.21659
36.72,0.440968,1.2098
36.73,0.440043,1.20304
36.74,0.439149,1.1963
36.75,0.438287,1.18959
36.76,0.437456,1.18291
36.77,0.436656,1.17625
36.78,0.435887,1.16963
36.79,0.435147,1.16303
36.8,0.434438,1.15646
36.81,0.433758,1.14992
36.82,0.433108,1.14341
36.83,0.432487,1.13693
36.84,0.431894,1.13047
36.85,0.431331,1.12405
36.86,0.430796,1.11766
36.87,0.430289,1.1113
36.88,0.42981,1.10497
36.89,0.429359,1.09867
36.9,0.428935,1.0924
36.91,0.428539,1.08616
36.92,0.42817,1.07995
36.93,0.427827,1.07378
36.94,0.427512,1.06763
36.95,0.427223,1.06152
36.96,0.42696,1.05544
36.97,0.426723,1.04939
36.98,0.426512,1.04338
36.99,0.426327,1.03739
37,0.426168,1.03144
37.01,0.426034,1.02552
37.02,0.425925,1.01964
37.03,0.425841,1.01378
37.04,0.425783,1.00796
37.05,0.425749,1.00217
37.06,0.42574,0.99642
37.07,0.425755,0.990698
37.08,0.425794,0.985009
37.09,0.425858,0.979353
37.1,0.425946,0.97373
37.11,0.426058,0.96814
37.12,0.426194,0.962584
37.13,0.426353,0.95706
37.14,0.426536,0.95157
37.15,0.426743,0.946113
37.16,0.426973,0.94069
37.17,0.427226,0.935299
37.18,0.427503,0.929942
37.19,0.427802,0.924618
37.2,0.428125,0.919327
37.21,0.42847,0.91407
37.22,0.428838,0.908846
37.23,0.429229,0.903655
37.24,0.429643,0.898497
37.25,0.430079,0.893372
37.26,0.430537,0.888281
37.27,0.431018,0.883222
37.28,0.431522,0.878197
37.29,0.432047,0.873205
37.3,0.432595,0.868245
37.31,0.433165,0.863319
37.32,0.433757,0.858425
37.33,0.434371,0.853564
37.34,0.435007,0.848736
37.35,0.435665,0.843941
37.36,0.436345,0.839179
37.37,0.437047,0.834448
37.38,0.43777,0.829751
37.39,0.438516,0.825086
37.4,0.439283,0.820453
37.41,0.440071,0.815853
37.42,0.440882,0.811284
37.43,0.441714,0.806748
37.44,0.442567,0.802244
37.45,0.443443,0.797772
37.46,0.444339,0.793332
37.47,0.445258,0.788924
37.48,0.446198,0.784548
37.49,0.447159,0.780203
37.5,0.448142,0.77589
37.51,0.449146,0.771608
37.52,0.450172,0.767357
37.53,0.451219,0.763138
37.54,0.452288,0.75895
37.55,0.453378,0.754793
37.56,0.45449,0.750667
37.57,0.455623,0.746573
37.58,0.456778,0.742508
37.59,0.457954,0.738475
37.6,0.459152,0.734472
37.61,0.460371,0.7305
37.62,0.461611,0.726558
37.63,0.462874,0.722646
37.64,0.464157,0.718764
37.65,0.465463,0.714913
37.66,0.46679,0.711091
37.67,0.468138,0.7073
37.68,0.469509,0.703538
37.69,0.470901,0.699806
37.7,0.472314,0.696103
37.71,0.47375,0.69243
37.72,0.475207,0.688786
37.73,0.476686,0.685171
37.74,0.478186,0.681586
37.75,0.479709,0.678029
37.76,0.481253,0.674501
37.77,0.48282,0.671002
37.78,0.484408,0.667532
37.79,0.486019,0.66409
37.8,0.487651,0.660677
37.81,0.489306,0.657292
37.82,0.490983,0.653935
37.83,0.492682,0.650607
37.84,0.494404,0.647306
37.85,0.496147,0.644033
37.86,0.497913,0.640788
37.87,0.499702,0.637571
37.88,0.501513,0.634381
37.89,0.503347,0.631219
37.9,0.505203,0.628084
37.91,0.507082,0.624976
37.92,0.508984,0.621896
37.93,0.510908,0.618842
37.94,0.512855,0.615815
37.95,0.514826,0.612815
37.96,0.516819,0.609842
37.97,0.518835,0.606896
37.98,0.520875,0.603975
37.99,0.522938,0.601082
38,0.525024,0.598214
38.01,0.527133,0.595373
38.02,0.529266,0.592557
38.03,0.531423,0.589768
38.04,0.533603,0.587004
38.05,0.535807,0.584267
38.06,0.538034,0.581555
38.07,0.540286,0.578868
38.08,0.542561,0.576207
38.09,0.54486,0.573571
38.1,0.547184,0.570961
38.11,0.549531,0.568375
38.12,0.551903,0.565815
38.13,0.554299,0.563279
38.14,0.55672,0.560769
38.15,0.559165,0.558283
38.16,0.561635,0.555822
38.17,0.56413,0.553385
38.18,0.56665,0.550973
38.19,0.569194,0.548586
38.2,0.571763,0.546222
38.21,0.574358,0.543883
38.22,0.576978,0.541568
38.23,0.579623,0.539277
38.24,0.582293,0.53701
38.25,0.584989,0.534767
38.26,0.587711,0.532548
38.27,0.590458,0.530352
38.28,0.593231,0.52818
38.29,0.59603,0.526032
38.3,0.598855,0.523907
38.31,0.601706,0.521805
38.32,0.604583,0.519727
38.33,0.607487,0.517672
38.34,0.610417,0.51564
38.35,0.613374,0.513631
38.36,0.616357,0.511645
38.37,0.619367,0.509682
38.38,0.622404,0.507742
38.39,0.625468,0.505825
38.4,0.628559,0.50393
38.41,0.631677,0.502059
38.42,0.634822,0.500209
38.43,0.637995,0.498383
38.44,0.641195,0.496579
38.45,0.644423,0.494797
38.46,0.647679,0.493038
38.47,0.650962,0.4913
38.48,0.654274,0.489586
38.49,0.657613,0.487893
38.5,0.660981,0.486222
38.51,0.664377,0.484574
38.52,0.667801,0.482948
38.53,0.671254,0.481343
38.54,0.674736,0.479761
38.55,0.678246,0.478201
38.56,0.681785,0.476662
38.57,0.685353,0.475145
38.58,0.68895,0.47365
38.59,0.692576,0.472177
38.6,0.696232,0.470725
38.61,0.699917,0.469295
38.62,0.703631,0.467887
38.63,0.707376,0.4665
38.64,0.711149,0.465135
38.65,0.714953,0.463792
38.66,0.718787,0.46247
38.67,0.72265,0.461169
38.68,0.726544,0.45989
38.69,0.730468,0.458632
38.7,0.734423,0.457396
38.71,0.738408,0.456182
38.72,0.742424,0.454988
38.73,0.74647,0.453816
38.74,0.750547,0.452666
38.75,0.754655,0.451537
38.76,0.758794,0.450429
38.77,0.762964,0.449342
38.78,0.767165,0.448277
38.79,0.771398,0.447233
38.8,0.775662,0.446211
38.81,0.779958,0.44521
38.82,0.784285,0.44423
38.83,0.788643,0.443272
38.84,0.793034,0.442335
38.85,0.797457,0.44142
38.86,0.801911,0.440526
38.87,0.806397,0.439653
38.88,0.810916,0.438802
38.89,0.815467,0.437972
38.9,0.82005,0.437164
38.91,0.824666,0.436377
38.92,0.829314,0.435612
38.93,0.833994,0.434869
38.94,0.838707,0.434147
38.95,0.843453,0.433446
38.96,0.848232,0.432768
38.97,0.853043,0.432111
38.98,0.857888,0.431476
38.99,0.862765,0.430863
39,0.867675,0.430272
39.01,0.872619,0.429702
39.02,0.877595,0.429155
39.03,0.882605,0.42863
39.04,0.887648,0.428126
39.05,0.892724,0.427645
39.06,0.897834,0.427187
39.07,0.902976,0.42675
39.08,0.908153,0.426336
39.09,0.913362,0.425945
39.1,0.918606,0.425576
39.11,0.923882,0.425229
39.12,0.929193,0.424905
39.13,0.934536,0.424605
39.14,0.939914,0.424327
39.15,0.945324,0.424072
39.16,0.950769,0.42384
39.17,0.956247,0.423631
39.18,0.961758,0.423446
39.19,0.967303,0.423284
39.2,0.972882,0.423145
39.21,0.978494,0.423031
39.22,0.98414,0.42294
39.23,0.989819,0.422873
39.24,0.995531,0.42283
39.25,1.00128,0.422811
39.26,1.00706,0.422816
39.27,1.01287,0.422846
39.28,1.01871,0.4229
39.29,1.02459,0.42298
39.3,1.03051,0.423084
39.31,1.03645,0.423213
39.32,1.04243,0.423367
39.33,1.04844,0.423547
39.34,1.05448,0.423752
39.35,1.06056,0.423983
39.36,1.06667,0.424239
39.37,1.07281,0.424522
39.38,1.07898,0.424831
39.39,1.08519,0.425167
39.4,1.09143,0.425529
39.41,1.0977,0.425918
39.42,1.104,0.426334
39.43,1.11033,0.426778
39.44,1.1167,0.427248
39.45,1.12309,0.427747
39.46,1.12952,0.428274
39.47,1.13598,0.428828
39.48,1.14247,0.429411
39.49,1.14899,0.430023
39.5,1.15554,0.430664
39.51,1.16211,0.431334
39.52,1.16872,0.432033
39.53,1.17536,0.432762
39.54,1.18203,0.433521
39.55,1.18872,0.43431
39.56,1.19545,0.43513
39.57,1.2022,0.43598
39.58,1.20898,0.436862
39.59,1.21579,0.437774
39.6,1.22263,0.438719
39.61,1.22949,0.439696
39.62,1.23638,0.440705
39.63,1.24329,0.441747
39.64,1.25023,0.442821
39.65,1.2572,0.443929
39.66,1.26419,0.445071
39.67,1.2712,0.446247
39.68,1.27824,0.447457
39.69,1.28531,0.448702
39.7,1.29239,0.449982
39.71,1.2995,0.451298
39.72,1.30663,0.45265
39.73,1.31378,0.454038
39.74,1.32096,0.455463
39.75,1.32815,0.456924
39.76,1.33536,0.458424
39.77,1.34259,0.459961
39.78,1.34984,0.461537
39.79,1.35711,0.463152
39.8,1.3644,0.464806
39.81,1.3717,0.466499
39.82,1.37902,0.468233
39.83,1.38635,0.470008
39.84,1.3937,0.471824
39.85,1.40106,0.473681
39.86,1.40843,0.475581
39.87,1.41582,0.477524
39.88,1.42322,0.479509
39.89,1.43063,0.481539
39.9,1.43804,0.483612
39.91,1.44547,0.485731
39.92,1.4529,0.487894
39.93,1.46034,0.490104
39.94,1.46779,0.49236
39.95,1.47524,0.494663
39.96,1.48269,0.497014
39.97,1.49015,0.499413
39.98,1.49761,0.501861
39.99,1.50507,0.504359
